# Segments csv adapted from original eval_segments provided by audioset,,,
"# num_ytids=Dunno, num_segs=Dunno, num_unique_labels=Dunno, num_positive_labels=Dunno",,,
"# YTID, start_seconds, end_seconds, positive_labels",,,
--diQGtdz9Q,30.000,40.000,"""/m/07pbtc8,/m/09x0r"""
-2ni2KI5S5A,0.000,9.000,"""/m/04rlf,/m/07pbtc8,/m/09x0r"""
-348xNtRl18,30.000,40.000,"""/m/07pbtc8"""
-3gGYJtngHU,110.000,120.000,"""/m/07jdr,/m/07pbtc8,/m/07yv9"""
-4-QVR0Ymig,9.000,19.000,"""/m/07pbtc8"""
-7ITb2QLsvg,30.000,40.000,"""/m/07pbtc8"""
-8PwGM13Eqo,7.000,17.000,"""/m/07pbtc8"""
-9aXOM95S0k,30.000,40.000,"""/m/04rlf,/m/07pbtc8,/m/09x0r"""
-A-b7uh42Qg,30.000,40.000,"""/m/07pbtc8,/m/09x0r"""
-A9bKRkhJo0,30.000,40.000,"""/m/07pbtc8,/m/09x0r"""
-AJ_d9Lwzx4,30.000,40.000,"""/m/04rlf,/m/07pbtc8"""
-AiHynA102I,30.000,40.000,"""/m/07pbtc8,/m/09x0r"""
-Aju52dKCf0,30.000,40.000,"""/m/07pbtc8,/m/09x0r"""
-AmwF0ozTs4,30.000,40.000,"""/m/07pbtc8"""
-BHAvsj6bzw,30.000,40.000,"""/m/07pbtc8"""
-BXNxWauGhs,30.000,40.000,"""/m/07pbtc8"""
-BYSxtDdTx4,30.000,40.000,"""/m/07pbtc8,/m/09x0r"""
-CfkhQsKSsA,30.000,40.000,"""/m/07pbtc8,/m/09x0r"""
-D1XPDJnPlw,30.000,40.000,"""/m/07pbtc8"""
-Dhp4Lcw12E,30.000,40.000,"""/m/07pbtc8,/m/09x0r"""
-DqsVIiB-TU,5.000,15.000,"""/m/07pbtc8"""
-E6AEShmE7M,30.000,40.000,"""/m/07pbtc8,/m/09x0r"""
-EOInz9LxrA,28.000,38.000,"""/m/07pbtc8"""
-EQ-6Ix1vVw,11.000,21.000,"""/m/07pbtc8"""
-EcW-ViCG3o,30.000,40.000,"""/m/04rlf,/m/07pbtc8,/m/09x0r"""
-Ecd3FkFgr4,30.000,40.000,"""/m/07pbtc8,/m/09x0r"""
-Eqn2EJLG_E,30.000,40.000,"""/m/07pbtc8,/m/09x0r"""
-Ezr-1IVfFw,30.000,40.000,"""/m/07pbtc8"""
-GieWb6i-fs,30.000,40.000,"""/m/07pbtc8"""
-H1PfZ9I4CI,14.000,24.000,"""/m/07pbtc8,/m/09x0r"""
-H2k7-6ZXms,30.000,40.000,"""/m/07pbtc8,/m/09x0r"""
-HEV_kV--eM,30.000,40.000,"""/m/07pbtc8"""
-HVokTN5Xbo,30.000,40.000,"""/m/07pbtc8"""
-HnhA4dKbGQ,30.000,40.000,"""/m/07pbtc8"""
-ITNze-n8q8,30.000,40.000,"""/m/07pbtc8,/m/09x0r"""
-InuYmUfif0,40.000,50.000,"""/m/07pbtc8,/m/09x0r"""
-K5NbVkcOXc,30.000,40.000,"""/m/07pbtc8"""
-KQ5_XQyKH4,100.000,110.000,"""/m/07pbtc8"""
-LILO5N1zOc,30.000,40.000,"""/m/07pbtc8"""
-LKI6x2wAx8,30.000,40.000,"""/m/07pbtc8,/m/09x0r"""
-Ly8Pe1J4Jk,30.000,40.000,"""/m/07pbtc8"""
-M5eQgrrayM,30.000,40.000,"""/m/07pbtc8,/m/09x0r"""
-M7t3m9uSJA,30.000,40.000,"""/m/07pbtc8,/m/09x0r"""
-MEADIu1Ahk,30.000,40.000,"""/m/07pbtc8"""
-MIiV0tvMjA,30.000,40.000,"""/m/07pbtc8,/m/09x0r"""
-MJ8-W9eK5o,3.000,13.000,"""/m/07pbtc8,/m/09x0r"""
-MQQ4XMmcKo,30.000,40.000,"""/m/07pbtc8,/m/09x0r"""
-MjfyD_DCKQ,0.000,10.000,"""/m/07pbtc8,/m/09x0r"""
-MmMjzwzEmw,30.000,40.000,"""/m/07pbtc8,/m/09x0r"""
-MmobZaXQc8,30.000,40.000,"""/m/07pbtc8"""
-NF9olku2uc,30.000,40.000,"""/m/04rlf,/m/07pbtc8"""
-Nwrsm_aHAg,30.000,40.000,"""/m/07pbtc8,/m/09x0r"""
-NxyoXAH5no,30.000,40.000,"""/m/07pbtc8"""
-O2eQSHRSic,26.000,36.000,"""/m/07pbtc8,/m/09x0r"""
-OSQgvBIQc4,28.000,38.000,"""/m/07pbtc8,/m/09x0r"""
-OTCLhPPHDI,11.000,21.000,"""/m/07pbtc8,/m/09x0r"""
-OWYKl4AawI,560.000,570.000,"""/m/07pbtc8,/m/09x0r"""
-OX1rJwBe2A,30.000,40.000,"""/m/04rlf,/m/07pbtc8,/m/09x0r"""
-PZ_m5yz-9w,30.000,40.000,"""/m/07pbtc8,/m/09x0r"""
-PojtMblSrM,14.000,24.000,"""/m/07pbtc8,/m/09x0r"""
-Q7dmNjHyyI,70.000,80.000,"""/m/04_sv,/m/07pbtc8,/m/07yv9"""
-QCaFjYxPd0,30.000,40.000,"""/m/04rlf,/m/07pbtc8"""
-QJ-qXUarKc,30.000,40.000,"""/m/07pbtc8,/m/09x0r"""
-QJWqyR7zgs,30.000,40.000,"""/m/04rlf,/m/07pbtc8"""
-Q_A6ddxb0U,30.000,40.000,"""/m/04rlf,/m/07pbtc8,/m/09x0r"""
-RGaH4jkrwM,30.000,40.000,"""/m/04rlf,/m/07pbtc8"""
-RHlYEquKkU,30.000,40.000,"""/m/04rlf,/m/07pbtc8,/m/09x0r"""
-RybT3dQuTI,30.000,40.000,"""/m/07pbtc8,/m/09x0r"""
-SPdg0RhD2I,30.000,40.000,"""/m/07pbtc8,/m/09x0r"""
-SoeFWr7TEk,20.000,30.000,"""/m/07pbtc8,/m/09x0r"""
-TV_M5ay4eU,30.000,40.000,"""/m/07pbtc8,/m/09x0r"""
-TZhVk61xXI,30.000,40.000,"""/m/07pbtc8,/m/09x0r"""
-UrcZc7pKlo,30.000,40.000,"""/m/07pbtc8,/m/09x0r"""
-VUdudk-izo,30.000,40.000,"""/m/07pbtc8,/m/09x0r"""
-Vc2WXGtk0Q,30.000,40.000,"""/m/07pbtc8,/m/09x0r"""
-W0mMD5MVKQ,1.000,11.000,"""/m/04rlf,/m/07pbtc8"""
-Wd2GldhRYQ,30.000,40.000,"""/m/07pbtc8"""
-WqrgrwUDhM,30.000,40.000,"""/m/07pbtc8"""
-X2wAg5bRXw,30.000,40.000,"""/m/07pbtc8,/m/09x0r"""
-Xd9ieszxvA,130.000,140.000,"""/m/07pbtc8"""
-YJgT2Wd6p4,28.000,38.000,"""/m/07pbtc8"""
-YPpRYc3rUs,30.000,40.000,"""/m/07pbtc8"""
-Z0OfTAK5VU,30.000,40.000,"""/m/07pbtc8,/m/09x0r"""
-ZOfdlNZvYs,30.000,40.000,"""/m/04rlf,/m/07pbtc8,/m/09x0r"""
-ZVomHIh7u0,11.000,21.000,"""/m/07pbtc8"""
-_FyIqiBiHQ,30.000,40.000,"""/m/07pbtc8,/m/09x0r"""
-_mfb_x_Es0,11.000,21.000,"""/m/07pbtc8"""
-_xggO0ruBs,30.000,40.000,"""/m/04rlf,/m/07pbtc8"""
-aUzd1El1Mk,30.000,40.000,"""/m/07pbtc8,/m/09x0r"""
-aYGziNrpAI,30.000,40.000,"""/m/07pbtc8,/m/09x0r"""
-b-p3TA384U,30.000,40.000,"""/m/07pbtc8"""
-b2VxgQahYI,30.000,40.000,"""/m/07pbtc8,/m/09x0r"""
-bDPsQGcvVw,30.000,40.000,"""/m/07pbtc8,/m/09x0r"""
-biKUO1kj2U,30.000,40.000,"""/m/04rlf,/m/07pbtc8,/m/09x0r"""
-cWvu5E61XA,30.000,40.000,"""/m/07pbtc8,/m/09x0r"""
-d7-hJ2T5t8,18.000,28.000,"""/m/07pbtc8,/m/09x0r"""
-dDwiiKYA94,30.000,40.000,"""/m/07pbtc8,/m/09x0r"""
-dPxGMUyyZ4,30.000,40.000,"""/m/04rlf,/m/07pbtc8,/m/09x0r"""
-dyC8nm8MqI,0.000,8.000,"""/m/07pbtc8,/m/09x0r"""
-eZXZU4L2ng,30.000,40.000,"""/m/07pbtc8,/m/09x0r"""
-ebNEpc04dA,30.000,40.000,"""/m/07pbtc8,/m/09x0r"""
-eiz-vShnpQ,11.000,21.000,"""/m/07pbtc8,/m/09x0r"""
-ewBC-6gLSo,30.000,40.000,"""/m/04rlf,/m/07pbtc8,/m/09x0r"""
-fC5CvBkihI,30.000,40.000,"""/m/04rlf,/m/07pbtc8"""
-fbevtEPoKo,7.000,17.000,"""/m/07pbtc8,/m/09x0r"""
-gJa0DQPhQo,30.000,40.000,"""/m/07pbtc8,/m/09x0r"""
-gN5BKhBL6M,30.000,40.000,"""/m/04rlf,/m/07pbtc8,/m/09x0r"""
-ge4LwUu4JQ,21.000,31.000,"""/m/07pbtc8,/m/09x0r"""
-h0z7AmX9qY,30.000,40.000,"""/m/07pbtc8,/m/09x0r"""
-hdolK7F5lM,30.000,40.000,"""/m/07pbtc8,/m/09x0r"""
-i4ghI1m9J8,30.000,40.000,"""/m/07pbtc8"""
-iJ44Jx0C10,30.000,40.000,"""/m/04rlf,/m/07pbtc8,/m/09x0r"""
-iOoReyjrpU,1.000,11.000,"""/m/07pbtc8"""
-iPPpKiwjtU,30.000,40.000,"""/m/07pbtc8,/m/09x0r"""
-j8lhWHsh-Y,30.000,40.000,"""/m/07pbtc8"""
-jVsBgMPKUw,16.000,26.000,"""/m/07pbtc8"""
-jxsw0yUX58,18.000,28.000,"""/m/07pbtc8,/m/09x0r"""
-lFU-UUwplY,30.000,40.000,"""/m/07pbtc8"""
-lLnmxPL83Y,30.000,40.000,"""/m/07pbtc8,/m/09x0r"""
-lZJKPQEqa4,130.000,140.000,"""/m/07pbtc8,/m/09x0r"""
-lbgr0QiQpc,30.000,40.000,"""/m/06bz3,/m/07pbtc8,/m/09x0r"""
-mFOqs9ag_8,30.000,40.000,"""/m/04rlf,/m/07pbtc8"""
-mRwvXuWGAw,30.000,40.000,"""/m/07pbtc8"""
-mwAgcK86g8,0.000,7.000,"""/m/07pbtc8"""
-n8X5qF8mOo,30.000,40.000,"""/m/04rlf,/m/07pbtc8"""
-neuz0XuQVk,30.000,40.000,"""/m/04rlf,/m/07pbtc8"""
-oUuF7nuv9M,30.000,40.000,"""/m/07pbtc8"""
-oXKhklI4t0,30.000,40.000,"""/m/07pbtc8,/m/09x0r"""
-pdLQ-sKFDs,30.000,40.000,"""/m/07pbtc8"""
-qHe0U3il38,160.000,170.000,"""/m/068hy,/m/07pbtc8,/m/0bt9lr,/m/0jbk"""
-qL46x15FEg,30.000,40.000,"""/m/07pbtc8,/m/09x0r"""
-qh95kBmNac,30.000,40.000,"""/m/07pbtc8,/m/09x0r"""
-qqok2mmy2M,30.000,40.000,"""/m/07pbtc8,/m/09x0r"""
-rgULgb3HTk,30.000,40.000,"""/m/04rlf,/m/07pbtc8"""
-t-_2a24hcU,30.000,40.000,"""/m/07pbtc8,/m/09x0r"""
-t4_9Zg1am8,30.000,40.000,"""/m/07pbtc8,/m/09x0r"""
-t6-pLCW6FA,30.000,40.000,"""/m/07pbtc8,/m/09x0r"""
-t9a9lWQbW4,30.000,40.000,"""/m/04rlf,/m/07pbtc8"""
-uJmhiCHPXU,30.000,40.000,"""/m/07pbtc8,/m/09x0r"""
-ufIKsPD5zI,0.000,10.000,"""/m/07pbtc8,/m/09x0r"""
-v01QnPsGF0,30.000,40.000,"""/m/07pbtc8,/m/09x0r"""
-v5b1qJXifA,30.000,40.000,"""/m/04rlf,/m/07pbtc8,/m/09x0r"""
-vp81Z6McxE,30.000,40.000,"""/m/04rlf,/m/07pbtc8"""
-waF8TMmLK8,30.000,40.000,"""/m/07pbtc8,/m/09x0r"""
-wdRYQszmPg,30.000,40.000,"""/m/07pbtc8"""
-wymfth3LIo,21.000,31.000,"""/m/04rlf,/m/07pbtc8,/m/09x0r"""
-xlslRlqM5Y,30.000,40.000,"""/m/07pbtc8,/m/09x0r"""
-yW8Vh5sjpQ,30.000,40.000,"""/m/07pbtc8,/m/09x0r"""
-z9wYykvq_A,30.000,40.000,"""/m/07pbtc8"""
-zdIr8vk20M,30.000,40.000,"""/m/07pbtc8,/m/09x0r"""
0-CQl5M8keg,30.000,40.000,"""/m/04rlf,/m/07pbtc8,/m/09x0r"""
000T_9H5mLM,16.000,26.000,"""/m/07pbtc8"""
00IHLCAuQdg,20.000,30.000,"""/m/07pbtc8"""
01rrQCXEDAw,0.000,7.000,"""/m/07pbtc8,/m/09x0r"""
01x98K6sw-8,30.000,40.000,"""/m/07pbtc8,/m/09x0r"""
01yP0bbrBhM,30.000,40.000,"""/m/04rlf,/m/07pbtc8"""
02NhRyu_KUk,30.000,40.000,"""/m/07pbtc8,/m/09x0r"""
02PHE13i1LU,30.000,40.000,"""/m/04rlf,/m/07pbtc8,/m/09x0r"""
03CUbSupBIA,30.000,40.000,"""/m/07pbtc8"""
03Nl1YHmWDs,30.000,40.000,"""/m/07pbtc8,/m/09x0r"""
03SNCFwRb4s,30.000,40.000,"""/m/07pbtc8,/m/0c1dj"""
03W1CWq5nz4,30.000,40.000,"""/m/07pbtc8,/m/0c1dj"""
03r3PwMZUso,0.000,9.000,"""/m/07pbtc8,/m/09x0r"""
04933y_xjRs,30.000,40.000,"""/m/04rlf,/m/07pbtc8"""
056szujsuW4,30.000,40.000,"""/m/04rlf,/m/07pbtc8"""
05D7ZXbXOzY,30.000,40.000,"""/m/07pbtc8"""
05NVlfnCQGU,30.000,40.000,"""/m/07pbtc8,/m/09x0r"""
05yGIpamiEE,30.000,40.000,"""/m/04rlf,/m/07pbtc8,/m/09x0r"""
0678omQKT-Y,30.000,40.000,"""/m/04rlf,/m/07pbtc8,/m/09x0r"""
06T5G51TbHg,0.000,7.000,"""/m/07pbtc8,/m/09x0r"""
07tOcwfQAjg,30.000,40.000,"""/m/04rlf,/m/07pbtc8,/m/09x0r"""
086k-hkxvpo,30.000,40.000,"""/m/04rlf,/m/07pbtc8"""
08DCUoHmnIE,30.000,40.000,"""/m/07pbtc8"""
0A9_26DKhXw,30.000,40.000,"""/m/07pbtc8,/m/09x0r"""
0ANdbdSRzNk,24.000,34.000,"""/m/07pbtc8,/m/09x0r,/m/0c1dj"""
0Ai4NWwVH1s,30.000,40.000,"""/m/07pbtc8"""
0AuCSM3lekc,25.000,35.000,"""/m/07pbtc8,/m/09x0r"""
0B-95JugHlY,30.000,40.000,"""/m/04rlf,/m/07pbtc8"""
0Bhr5qOwyO4,10.000,20.000,"""/m/07pbtc8,/m/09x0r"""
0Bomd1Tm9i4,30.000,40.000,"""/m/07pbtc8,/m/09x0r"""
0CU6ZLqtPxE,30.000,40.000,"""/m/07pbtc8"""
0CVDMvWy2Oo,240.000,250.000,"""/m/07pbtc8,/m/07yv9,/m/09x0r,/m/0k4j"""
0CY7lKyomNk,30.000,40.000,"""/m/07pbtc8"""
0D8poBxIt40,30.000,40.000,"""/m/04rlf,/m/07pbtc8,/m/09x0r"""
0Dly8-eZvyE,30.000,40.000,"""/m/02g901,/m/07pbtc8"""
0FOF4zyWRFY,30.000,40.000,"""/m/07pbtc8,/m/09x0r"""
0G1vMovVunM,30.000,40.000,"""/m/07pbtc8,/m/09x0r"""
0Gh9D2arN-w,0.000,10.000,"""/m/07pbtc8,/m/07yv9,/m/0k4j"""
0Gjr5IQTCfA,16.000,26.000,"""/m/07pbtc8"""
0GkHFXdTXbs,27.000,37.000,"""/m/07pbtc8"""
0Gogi_R6IfQ,19.000,29.000,"""/m/04rlf,/m/07pbtc8"""
0HDqQf2I620,30.000,40.000,"""/m/07pbtc8,/m/09x0r"""
0ISbQYn4M5A,30.000,40.000,"""/m/07pbtc8,/m/09x0r"""
0J-OtCZWIRw,30.000,40.000,"""/m/07pbtc8"""
0J9iaLKS3xQ,30.000,40.000,"""/m/07pbtc8,/m/09x0r"""
0JLPQl6On-E,0.000,10.000,"""/m/07pbtc8,/m/09x0r"""
0JTIg23Gl6o,30.000,40.000,"""/m/04rlf,/m/07pbtc8,/m/09x0r,/m/0l14j_"""
0JvE7SLsKXI,30.000,40.000,"""/m/07pbtc8,/m/09x0r"""
0KR-Mj4zwAA,140.000,150.000,"""/m/01z5f,/m/068hy,/m/07pbtc8,/m/09x0r,/m/0bt9lr,/m/0jbk"""
0LRVEjRzlQY,30.000,40.000,"""/m/04rlf,/m/07pbtc8"""
0M9He7yxJeI,30.000,40.000,"""/m/07pbtc8,/m/09x0r"""
0McMX24F8bc,30.000,40.000,"""/m/07pbtc8,/m/09x0r"""
0MvUsyev20Y,30.000,40.000,"""/m/07pbtc8,/m/09x0r"""
0MxiJUoi7ko,6.000,16.000,"""/m/07pbtc8,/m/09x0r"""
0NBLwAgEZ_g,30.000,40.000,"""/m/04rlf,/m/07pbtc8"""
0NGVdTv1zTo,30.000,40.000,"""/m/07pbtc8,/m/09x0r"""
0O9o94OCPOE,30.000,40.000,"""/m/04rlf,/m/07pbtc8,/m/09x0r"""
0OUWTyO45Lc,30.000,40.000,"""/m/07pbtc8"""
0OgOXzLvX3o,0.000,10.000,"""/m/07pbtc8,/m/09x0r"""
0P4pBhboTlI,30.000,40.000,"""/m/07pbtc8,/m/09x0r"""
0PX1ax-Ce98,30.000,40.000,"""/m/04rlf,/m/07pbtc8,/m/09x0r"""
0Pc8auKSTbc,20.000,30.000,"""/m/07pbtc8,/m/09x0r"""
0PnVsLcudEQ,30.000,40.000,"""/m/07pbtc8,/m/09x0r"""
0RB7kam0KrI,30.000,40.000,"""/m/07pbtc8,/m/09x0r"""
0S82W-pLaV8,30.000,40.000,"""/m/07pbtc8,/m/09x0r"""
0STEbIygynI,30.000,40.000,"""/m/07pbtc8"""
0SvMvRk9CQY,30.000,40.000,"""/m/07pbtc8,/m/09x0r"""
0TeYskXhwbM,30.000,40.000,"""/m/07pbtc8,/m/09x0r"""
0TgNW1DdffE,30.000,40.000,"""/m/07pbtc8"""
0UNognEVGB8,30.000,40.000,"""/m/07pbtc8"""
0UTMZKiZsag,14.000,24.000,"""/m/07pbtc8,/m/09x0r"""
0Uj7tVjkDsE,30.000,40.000,"""/m/04rlf,/m/07pbtc8,/m/09x0r"""
0UkvXtfvqag,30.000,40.000,"""/m/07pbtc8"""
0UsG8ThIj3Q,21.000,31.000,"""/m/07pbtc8"""
0VwRpuGNnWk,30.000,40.000,"""/m/07pbtc8"""
0WaYk_XqITE,30.000,40.000,"""/m/07pbtc8"""
0WyJY8yowa4,9.000,19.000,"""/m/04rlf,/m/07pbtc8,/m/09x0r"""
0XMJ_EFX1a4,30.000,40.000,"""/m/07pbtc8,/m/09x0r"""
0Xk215fYieE,30.000,40.000,"""/m/04rlf,/m/07pbtc8,/m/09x0r"""
0XufL2-GLR0,30.000,40.000,"""/m/07pbtc8,/m/09x0r"""
0ZQ2TcVm4i0,210.000,220.000,"""/m/07pbtc8,/m/09x0r"""
0_4UGoEphjA,30.000,40.000,"""/m/07pbtc8,/m/09x0r"""
0a7iOLGkgTo,30.000,40.000,"""/m/07pbtc8"""
0afvvL9CNOM,30.000,40.000,"""/m/07pbtc8,/m/09x0r"""
0apHVAggQhk,24.000,34.000,"""/m/07pbtc8"""
0auggfRpwg8,30.000,40.000,"""/m/04rlf,/m/07pbtc8"""
0b-TVUxTq_w,30.000,40.000,"""/m/07pbtc8,/m/09x0r"""
0b65Uoe7cEM,30.000,40.000,"""/m/07pbtc8,/m/09x0r"""
0b6Z4EVGN2c,30.000,40.000,"""/m/07pbtc8,/m/09x0r"""
0b8llx0TaiI,30.000,40.000,"""/m/07pbtc8,/m/09x0r"""
0bGmMu5fYlg,30.000,40.000,"""/m/07pbtc8"""
0bqq8bOkqlQ,5.000,15.000,"""/m/07pbtc8,/m/09x0r"""
0c2-O46WVAc,18.000,28.000,"""/m/07pbtc8,/m/09x0r"""
0cTU36bzIEw,21.000,31.000,"""/m/04rlf,/m/07pbtc8"""
0d-Z3sfHN7c,30.000,40.000,"""/m/07pbtc8"""
0d9m7GbfOd0,30.000,40.000,"""/m/07pbtc8"""
0dOzNG6keS8,2.000,12.000,"""/m/07pbtc8"""
0djKVcWNt0c,0.000,4.000,"""/m/07pbtc8"""
0fAbkEnK2z0,2.000,12.000,"""/m/07pbtc8"""
0fq17k08JyM,270.000,280.000,"""/m/07pbtc8,/m/09x0r"""
0g69PZWg0c0,14.000,24.000,"""/m/07pbtc8"""
0gIL9-d-tAE,30.000,40.000,"""/m/07pbtc8"""
0gJNHE-3jdc,30.000,40.000,"""/m/07pbtc8,/m/09x0r"""
0gOWgN0zF6c,30.000,40.000,"""/m/07pbtc8"""
0gPDnn-7Glk,30.000,40.000,"""/m/07pbtc8"""
0gTVF89ieAI,30.000,40.000,"""/m/07pbtc8,/m/09x0r"""
0hBbMIsD1rQ,27.000,37.000,"""/m/07pbtc8"""
0hTte0742Z4,24.000,34.000,"""/m/07pbtc8"""
0hqdD8AlQ4o,30.000,40.000,"""/m/04rlf,/m/07pbtc8"""
0jwmBcHrCAM,30.000,40.000,"""/m/07pbtc8,/m/09x0r"""
0kLIW7FUFCY,30.000,40.000,"""/m/07pbtc8,/m/09x0r"""
0lJvlbYgnRY,30.000,40.000,"""/m/07pbtc8,/m/09x0r"""
0laGkteFLrE,30.000,40.000,"""/m/07pbtc8,/m/09x0r"""
0lhxRnHx5l8,130.000,140.000,"""/m/07pbtc8"""
0mhFsYWUTIQ,30.000,40.000,"""/m/07pbtc8,/m/09x0r"""
0o96Y87yXiU,30.000,40.000,"""/m/07pbtc8,/m/09x0r"""
0otlgpTbbCU,12.000,22.000,"""/m/07pbtc8,/m/09x0r"""
0p3K2WyARgA,10.000,20.000,"""/m/07pbtc8"""
0pluHgw_0GA,30.000,40.000,"""/m/07pbtc8,/m/09x0r"""
0q6wn4cIrwY,30.000,40.000,"""/m/07pbtc8,/m/09x0r"""
0qes0wPqdEs,30.000,40.000,"""/m/07pbtc8,/m/09x0r"""
0rEOa-gu4jk,16.000,26.000,"""/m/07pbtc8"""
0rziEm3pirA,220.000,230.000,"""/m/07pbtc8,/m/09x0r"""
0sRWi1RejRs,30.000,40.000,"""/m/07pbtc8,/m/09x0r"""
0syAoR0m1bA,21.000,31.000,"""/m/04rlf,/m/07pbtc8"""
0tJBwSNGP5s,6.000,16.000,"""/m/01yrx,/m/068hy,/m/07pbtc8,/m/0jbk"""
0tMW8Q0YClg,30.000,40.000,"""/m/07pbtc8,/m/09x0r"""
0tmCsIwPgrk,30.000,40.000,"""/m/07pbtc8,/m/09x0r"""
0u5MX8zZn7U,26.000,36.000,"""/m/07pbtc8,/m/09x0r"""
0vQY_wPclWw,2.000,12.000,"""/m/07pbtc8"""
0vjFeXhyh1U,30.000,40.000,"""/m/07pbtc8,/m/09x0r"""
0vxVj6yaGg0,30.000,40.000,"""/m/07pbtc8,/m/09x0r"""
0wMP3oq6-Uc,30.000,40.000,"""/m/07pbtc8,/m/09x0r"""
0wMfygv6tSU,0.000,8.000,"""/m/04rlf,/m/07pbtc8,/m/09x0r"""
0xJ0msAYDps,30.000,40.000,"""/m/07pbtc8,/m/09x0r"""
0y-vWZWCMJM,30.000,40.000,"""/m/07pbtc8,/m/09x0r"""
0yVxbECDY8A,30.000,40.000,"""/m/07pbtc8,/m/09x0r"""
0zn46DM_mVA,0.000,6.000,"""/m/06h7j,/m/07pbtc8,/m/09x0r"""
1-Qg-02BQ70,30.000,40.000,"""/m/07pbtc8"""
1-ze0TUeSC4,30.000,40.000,"""/m/07pbtc8,/m/09x0r"""
10EgSUepaB0,30.000,40.000,"""/m/07pbtc8,/m/09x0r"""
10KTFH2XlM0,30.000,40.000,"""/m/07pbtc8,/m/09x0r"""
11bUxbnvmiY,30.000,40.000,"""/m/07pbtc8,/m/09x0r"""
11yJA36yeFw,170.000,180.000,"""/m/07pbtc8,/m/07rkbfh,/m/09x0r"""
124OAG-dRww,30.000,40.000,"""/m/07pbtc8,/m/09x0r"""
126yLo5ZKZc,30.000,40.000,"""/m/07pbtc8"""
12KV36nZelE,30.000,40.000,"""/m/07pbtc8,/m/09x0r"""
13asAjU3vys,3.000,13.000,"""/m/07pbtc8,/m/09x0r"""
13lxkka1iIc,20.000,30.000,"""/m/07pbtc8"""
14CxSJk0x5U,30.000,40.000,"""/m/04rlf,/m/07pbtc8,/m/09x0r"""
14LEJy0dvTI,14.000,24.000,"""/m/07pbtc8,/m/09x0r"""
14VsQ6dcsoU,30.000,40.000,"""/m/07pbtc8,/m/09x0r"""
14pQOYj0D1s,20.000,30.000,"""/m/07pbtc8"""
15h-vAztAXw,30.000,40.000,"""/m/03qtwd,/m/07pbtc8,/m/09x0r"""
16pgxFwc4fY,30.000,40.000,"""/m/07pbtc8,/m/09x0r"""
16qVH37qJeo,1.000,11.000,"""/m/07pbtc8"""
17QZkIQyvP4,30.000,40.000,"""/m/07pbtc8,/m/09x0r"""
1861_0z4kSg,30.000,40.000,"""/m/07pbtc8,/m/09x0r"""
18o1CbH5OpY,30.000,40.000,"""/m/07pbtc8,/m/09x0r"""
18tmRiqSUBE,20.000,30.000,"""/m/07pbtc8,/m/09x0r"""
19krtMekcc8,100.000,110.000,"""/m/07pbtc8,/t/dd00129"""
1ACKLwRs1oc,30.000,40.000,"""/m/07pbtc8"""
1AXjgucDtO0,210.000,220.000,"""/m/07pbtc8"""
1CK1c-c-4Pk,30.000,40.000,"""/m/07pbtc8"""
1Cln0VjScQE,30.000,40.000,"""/m/07pbtc8,/m/09x0r"""
1E8YrDxg_4g,30.000,40.000,"""/m/04rlf,/m/07pbtc8"""
1E9q1WTgjMI,30.000,40.000,"""/m/07pbtc8,/m/09x0r,/t/dd00126"""
1EOvfEjrODA,30.000,40.000,"""/m/07pbtc8,/m/09x0r"""
1GTzrvKUsK8,28.000,38.000,"""/m/07pbtc8,/m/09x0r"""
1GlK9CiuIco,3.000,13.000,"""/m/07pbtc8"""
1H01oQbHNUg,30.000,40.000,"""/m/07pbtc8"""
1IO9NJI20-E,80.000,90.000,"""/m/07pbtc8,/m/09x0r"""
1Jo_RkccI-E,30.000,40.000,"""/m/07pbtc8"""
1KcQvwUhsfk,30.000,40.000,"""/m/07pbtc8,/m/09x0r"""
1Lvi9Gch9SE,30.000,40.000,"""/m/07pbtc8,/m/09x0r"""
1M6N0LbUplk,30.000,40.000,"""/m/07pbtc8,/m/09x0r"""
1MDPr4ahpUk,22.000,32.000,"""/m/07pbtc8,/m/09x0r"""
1MMHlvuv3YQ,30.000,40.000,"""/m/07pbtc8"""
1Mrv3THavHE,30.000,40.000,"""/m/07pbtc8,/m/09x0r"""
1NIVifuIYpw,30.000,40.000,"""/m/07pbtc8,/m/09x0r"""
1Nio-G4_RQw,30.000,40.000,"""/m/04rlf,/m/07pbtc8,/m/09x0r"""
1O7V1uFVDuw,30.000,40.000,"""/m/07pbtc8"""
1Occr6RFeXE,0.000,7.000,"""/m/018w8,/m/07pbtc8,/m/0c1dj"""
1Psil9MYo04,30.000,40.000,"""/m/07pbtc8,/m/09x0r"""
1Q4EKw_Sbkk,0.000,10.000,"""/m/07pbtc8"""
1QZTdZY-7Lg,60.000,70.000,"""/m/07pbtc8,/m/09x0r"""
1R53GvXZb7s,30.000,40.000,"""/m/07pbtc8"""
1SSdto2VAq8,30.000,40.000,"""/m/07pbtc8,/m/09x0r"""
1STVXNsAnxU,30.000,40.000,"""/m/07pbtc8"""
1Shu_DULw4Q,28.000,38.000,"""/m/07pbtc8,/m/09x0r"""
1SiPSIsNVAQ,30.000,40.000,"""/m/07pbtc8"""
1TE3ogiP_KM,30.000,40.000,"""/m/04rlf,/m/07pbtc8"""
1ToFSlq5Pf4,30.000,40.000,"""/m/07pbtc8,/m/09x0r"""
1UKdsFEmXAw,30.000,40.000,"""/m/04rlf,/m/07pbtc8,/m/09x0r"""
1Uwy30p75IE,10.000,20.000,"""/m/07pbtc8"""
1UyJ1w1UDy4,0.000,9.000,"""/m/07pbtc8,/m/09x0r"""
1V0ivClP50Q,30.000,40.000,"""/m/07pbtc8,/m/09x0r"""
1VsuR6ITAe4,30.000,40.000,"""/m/07pbtc8"""
1WW6jD2kEHw,320.000,330.000,"""/m/07pbtc8,/m/09x0r"""
1Wz176igo-A,70.000,80.000,"""/m/04rlf,/m/07pbtc8"""
1XJMA8ON7so,30.000,40.000,"""/m/07pbtc8,/m/09x0r"""
1YZ-tr02q74,30.000,40.000,"""/m/07pbtc8,/m/09x0r"""
1YiqnDJeeAw,30.000,40.000,"""/m/07pbtc8,/m/09x0r"""
1Z5N1uFQRV4,30.000,40.000,"""/m/07pbtc8"""
1Z7gyLwETZc,30.000,40.000,"""/m/07pbtc8"""
1ZWU95YDVH8,30.000,40.000,"""/m/07pbtc8,/m/09x0r"""
1_NYtHhpglQ,30.000,40.000,"""/m/07pbtc8"""
1_iRBeS-0nM,30.000,40.000,"""/m/07pbtc8,/m/09x0r"""
1_uV80FEB78,0.000,4.000,"""/m/07pbtc8,/m/09x0r"""
1_vtHlBEdWk,30.000,40.000,"""/m/07pbtc8,/m/09x0r"""
1a_IHFaIC3I,0.000,8.000,"""/m/07pbtc8"""
1ahioeszt5Q,30.000,40.000,"""/m/07pbtc8"""
1b311I6P3Ks,30.000,40.000,"""/m/07pbtc8,/m/09x0r"""
1b5v08if3pc,30.000,40.000,"""/m/04rlf,/m/07pbtc8"""
1bZ93vHTa1M,30.000,40.000,"""/m/04rlf,/m/07pbtc8"""
1bmfOrxJ8Sg,30.000,40.000,"""/m/07pbtc8,/m/09x0r"""
1bprWJd75oE,30.000,40.000,"""/m/07pbtc8,/m/09x0r"""
1bx-V87uHh0,30.000,40.000,"""/m/07pbtc8,/m/09x0r"""
1csZfeKIXq0,6.000,16.000,"""/m/07pbtc8,/m/09x0r"""
1d_vgEWbiAw,30.000,40.000,"""/m/07pbtc8,/m/09x0r"""
1dx4NNQwG0o,30.000,40.000,"""/m/07pbtc8"""
1eU7WgY-xpI,22.000,32.000,"""/m/07pbtc8"""
1epJOEequKo,30.000,40.000,"""/m/07pbtc8,/m/09x0r"""
1fOWWrEd5pU,30.000,40.000,"""/m/07pbtc8,/m/09x0r"""
1gqMCIjRCss,30.000,40.000,"""/m/07pbtc8"""
1h_deYqMjfg,30.000,40.000,"""/m/04rlf,/m/07pbtc8,/m/09x0r"""
1ht0pf9J6Qk,10.000,20.000,"""/m/07pbtc8,/m/09x0r"""
1irCr5xGQhQ,20.000,30.000,"""/m/07pbtc8"""
1jDfYNF-RY0,23.000,33.000,"""/m/07pbtc8,/m/09x0r"""
1jHErjpu7n0,22.000,32.000,"""/m/07pbtc8,/m/09x0r"""
1jm3gCie0k8,30.000,40.000,"""/m/04rlf,/m/07pbtc8,/m/09x0r"""
1k1T3uo2oRM,30.000,40.000,"""/m/07pbtc8,/m/09x0r"""
1kgI6ocKVk0,30.000,40.000,"""/m/07pbtc8,/m/09x0r"""
1lhO18Nn2wg,30.000,40.000,"""/m/07pbtc8,/m/09x0r"""
1mSHx8QIqrU,30.000,40.000,"""/m/07pbtc8"""
1mYItnSTpps,12.000,22.000,"""/m/07pbtc8,/m/09x0r"""
1mqQZDZcxoY,30.000,40.000,"""/m/07pbtc8"""
1n0njXDNEsQ,30.000,40.000,"""/m/07pbtc8,/m/09x0r"""
1n6Pexb5Rjo,30.000,40.000,"""/m/07pbtc8,/m/09x0r"""
1nG4M8X5EVM,10.000,20.000,"""/m/07pbtc8,/m/09x0r"""
1nJBX5e2nfY,30.000,40.000,"""/m/04rlf,/m/07pbtc8"""
1nKIN7HkSk4,28.000,38.000,"""/m/07pbtc8,/m/09x0r"""
1omm14ZmtZU,30.000,40.000,"""/m/07pbtc8"""
1oyOLXgzy70,30.000,40.000,"""/m/07pbtc8,/m/09x0r"""
1pdA-nM5JyE,20.000,30.000,"""/m/07pbtc8,/m/09x0r"""
1qWo_xw4YOg,30.000,40.000,"""/m/07pbtc8"""
1qo_9TH2rBk,30.000,40.000,"""/m/07pbtc8"""
1quHn8wzgY8,30.000,40.000,"""/m/07pbtc8"""
1rI8q5OInl4,30.000,40.000,"""/m/07pbtc8"""
1sIo2ORuiys,170.000,180.000,"""/m/07pbtc8,/m/09x0r"""
1sk9EPt4734,30.000,40.000,"""/m/07pbtc8,/m/09x0r"""
1t9NT8Hgg-8,30.000,40.000,"""/m/07pbtc8"""
1u9sCb9Q9yY,30.000,40.000,"""/m/07pbtc8,/m/09x0r"""
1uBQ1iikG2Q,30.000,40.000,"""/m/07pbtc8,/m/07yv9,/m/0k4j"""
1uodgg6hVNc,0.000,5.000,"""/m/07pbtc8"""
1utS6hfgHIg,110.000,120.000,"""/m/07pbtc8"""
1wWBdcwZng0,30.000,40.000,"""/m/07pbtc8"""
1wYXazZG4R8,4.000,14.000,"""/m/07pbtc8"""
1wh78dz42_4,0.000,7.000,"""/m/07pbtc8"""
1wtxpiNEjdI,30.000,40.000,"""/m/07pbtc8,/m/09x0r"""
1x50pan1DqY,30.000,40.000,"""/m/07pbtc8,/m/09x0r"""
1xTb-CeCnhA,30.000,40.000,"""/m/07pbtc8,/m/09x0r"""
1yTbNTz0JEo,30.000,40.000,"""/m/04rlf,/m/07pbtc8,/m/09x0r"""
1yhjQykRmY0,30.000,40.000,"""/m/07pbtc8,/m/09x0r"""
1yysn7rHdp4,4.000,14.000,"""/m/07pbtc8"""
1zak--ix8Mw,30.000,40.000,"""/m/07pbtc8,/m/09x0r"""
1zjWADp4JLE,30.000,40.000,"""/m/07pbtc8,/m/09x0r"""
1zyQzv020G0,90.000,100.000,"""/m/07pbtc8"""
2-ChFqEzp7I,21.000,31.000,"""/m/07pbtc8,/m/09x0r"""
2-HKjufdrc8,16.000,26.000,"""/m/07pbtc8,/m/09x0r"""
2-Sfpum5C1M,30.000,40.000,"""/m/07pbtc8,/m/09x0r"""
2-SqsQNZVkM,30.000,40.000,"""/m/07pbtc8,/m/09x0r"""
205tFwVPrJA,30.000,40.000,"""/m/07pbtc8"""
20O8Jmq-DsY,10.000,20.000,"""/m/07pbtc8"""
20wyazAOgV8,30.000,40.000,"""/m/04rlf,/m/07pbtc8,/m/09x0r"""
216t05xB5uE,30.000,40.000,"""/m/07pbtc8"""
220-E8CcMg0,30.000,40.000,"""/m/07pbtc8,/m/09x0r"""
2202r7QHu20,30.000,40.000,"""/m/07pbtc8,/m/09x0r"""
22E4h6cqPvY,30.000,40.000,"""/m/07pbtc8"""
22IjAMoL1PE,5.000,15.000,"""/m/04rlf,/m/07pbtc8,/m/09x0r"""
22WztS7opOc,30.000,40.000,"""/m/04rlf,/m/07pbtc8,/m/09x0r"""
22qjgS5QEOg,30.000,40.000,"""/m/07pbtc8,/m/09x0r"""
23_v0HNovhA,30.000,40.000,"""/m/04rlf,/m/07pbtc8,/m/09x0r"""
23c_ALuCxX8,30.000,40.000,"""/m/04rlf,/m/07pbtc8"""
24bYCFoOBAw,30.000,40.000,"""/m/07pbtc8"""
24eNtjGnFJM,30.000,40.000,"""/m/07pbtc8,/m/09x0r"""
24vZ7Th3npI,30.000,40.000,"""/m/07pbtc8,/m/09x0r"""
254JRSXSsCI,140.000,150.000,"""/m/07pbtc8,/m/09x0r,/t/dd00129"""
25MebsiZNnI,13.000,23.000,"""/m/07pbtc8,/m/09x0r"""
25Y6rBlJlvA,30.000,40.000,"""/m/07pbtc8,/m/09x0r"""
25dp9XHZzrs,30.000,40.000,"""/m/07pbtc8"""
26T5VGEtqFg,30.000,40.000,"""/m/04rlf,/m/07pbtc8"""
26klEnXzeUE,30.000,40.000,"""/m/07pbtc8,/m/09x0r"""
27cjj7ossd8,10.000,20.000,"""/m/07pbtc8"""
28dkDJbq6Pc,30.000,40.000,"""/m/07pbtc8,/m/09x0r"""
29udrcT9xtA,30.000,40.000,"""/m/07pbtc8,/m/09x0r"""
2AC499CFHRY,30.000,40.000,"""/m/07pbtc8"""
2AdLg2xspek,30.000,40.000,"""/m/07pbtc8"""
2Av-N51AsfA,30.000,40.000,"""/m/07pbtc8,/m/09x0r"""
2B7o49-DnhA,30.000,40.000,"""/m/07pbtc8"""
2BamxmQamR4,0.000,5.000,"""/m/07pbtc8"""
2BoXKSkQ33k,50.000,60.000,"""/m/015p6,/m/07pbtc8,/m/09b5t,/m/09x0r,/m/0ch8v"""
2C4JEfzUsFY,30.000,40.000,"""/m/07pbtc8"""
2CMdPVBfm_I,22.000,32.000,"""/m/07pbtc8,/m/09x0r"""
2DZWGbuc1HA,30.000,40.000,"""/m/07pbtc8"""
2DvVhq-7C44,12.000,22.000,"""/m/07pbtc8"""
2EAHVf0MmOg,30.000,40.000,"""/m/04rlf,/m/07pbtc8"""
2ED0-tb-1OQ,30.000,40.000,"""/m/04rlf,/m/06h7j,/m/07pbtc8,/m/09x0r"""
2EUEfmRC4dA,30.000,40.000,"""/m/07pbtc8"""
2FWPjomcgbE,30.000,40.000,"""/m/04rlf,/m/07pbtc8,/m/09x0r"""
2FccuV13ATg,30.000,40.000,"""/m/07pbtc8"""
2GRdrwROx2Y,30.000,40.000,"""/m/06d_3,/m/07pbtc8,/m/07yv9,/m/09x0r"""
2HeSxoRqUEY,70.000,80.000,"""/m/07pbtc8"""
2HvpMaBHEfo,30.000,40.000,"""/m/07pbtc8"""
2I1S96YudMk,30.000,40.000,"""/m/07pbtc8,/m/09x0r"""
2I60f29IC6c,30.000,40.000,"""/m/07pbtc8,/m/09x0r"""
2I8tyxSUYrg,30.000,40.000,"""/m/07pbtc8,/m/09x0r"""
2IQtHrcMwak,30.000,40.000,"""/m/07pbtc8,/m/09x0r"""
2JEE2LKRt3I,30.000,40.000,"""/m/04rlf,/m/07pbtc8"""
2KGEdf_dtag,30.000,40.000,"""/m/04rlf,/m/07pbtc8"""
2Lzmv9GExHs,30.000,40.000,"""/m/07pbtc8,/m/09x0r"""
2ML_jZ3jlMg,6.000,16.000,"""/m/07pbtc8,/m/09x0r"""
2MiC1fNqWH0,30.000,40.000,"""/m/07pbtc8,/m/09x0r"""
2My8bMbaIFA,30.000,40.000,"""/m/04rlf,/m/07pbtc8,/m/09x0r"""
2NUc9fRLLGA,30.000,40.000,"""/m/07pbtc8,/m/09x0r"""
2ONn5YAAE24,30.000,40.000,"""/m/04rlf,/m/07pbtc8,/m/09x0r"""
2O_AVQdf22s,30.000,40.000,"""/m/07pbtc8,/m/09x0r"""
2O_sNnApwbc,30.000,40.000,"""/m/07pbtc8,/m/09x0r"""
2OntWf2hdFo,30.000,40.000,"""/m/04rlf,/m/07pbtc8,/m/09x0r"""
2OxDbAlXKs0,30.000,40.000,"""/m/07pbtc8,/m/09x0r"""
2PLneLz79Ys,30.000,40.000,"""/m/07pbtc8,/m/09x0r"""
2PPnjG0o42Q,30.000,40.000,"""/m/07pbtc8,/m/09x0r"""
2Q3pDwODaaw,27.000,37.000,"""/m/07pbtc8"""
2QpEkZyrEeU,30.000,40.000,"""/m/07pbtc8,/m/09x0r"""
2ReIfv682_s,30.000,40.000,"""/m/07pbtc8"""
2RwOsjbsmQM,30.000,40.000,"""/m/07pbtc8"""
2Rwmoff7oSU,160.000,170.000,"""/m/07pbtc8"""
2SKxcb818Ww,30.000,40.000,"""/m/04rlf,/m/07pbtc8"""
2Sa8ZtMo1RQ,16.000,26.000,"""/m/07pbtc8,/m/09x0r"""
2SiG7kjKRxE,30.000,40.000,"""/m/07pbtc8"""
2SszVYJl_5M,0.000,4.000,"""/m/04rlf,/m/07pbtc8,/m/09x0r"""
2T6w1aPGb6c,30.000,40.000,"""/m/07pbtc8"""
2TtMSJn3m00,30.000,40.000,"""/m/07pbtc8"""
2U9j6BMzCgI,25.000,35.000,"""/m/07pbtc8"""
2UO9Q0YaXRY,30.000,40.000,"""/m/07pbtc8,/m/09x0r"""
2VZge2V2mkk,30.000,40.000,"""/m/07pbtc8"""
2WPwKigBCTI,23.000,33.000,"""/m/07pbtc8"""
2W_VrEmhWtA,30.000,40.000,"""/m/07pbtc8,/m/09x0r"""
2XSAosXVu5Y,30.000,40.000,"""/m/07pbtc8,/m/09x0r"""
2YKWINi2fys,30.000,40.000,"""/m/07pbtc8"""
2YdHHBaVXL4,30.000,40.000,"""/m/07pbtc8"""
2Z4THg6VA1A,10.000,20.000,"""/m/07pbtc8"""
2ZRwEFpr3KQ,29.000,39.000,"""/m/04rlf,/m/07pbtc8"""
2ZhGKlctnVA,28.000,38.000,"""/m/07pbtc8,/m/09x0r"""
2_QIxGsEIzM,30.000,40.000,"""/m/04rlf,/m/07pbtc8,/m/09x0r"""
2aaRt1_z2OI,30.000,40.000,"""/m/07pbtc8,/m/09x0r"""
2bZCAK3PH2o,30.000,40.000,"""/m/07pbtc8"""
2cHg3K2K6Hw,30.000,40.000,"""/m/07pbtc8,/m/09x0r"""
2cnCEbUmVCc,30.000,40.000,"""/m/04rlf,/m/07pbtc8"""
2d7BuU5Pr6g,30.000,40.000,"""/m/07pbtc8"""
2di_lGe98G4,3.000,13.000,"""/m/07pbtc8,/m/09x0r"""
2fQewjZRCvQ,30.000,40.000,"""/m/07pbtc8"""
2grvG-cAa9I,30.000,40.000,"""/m/07pbtc8,/m/09x0r"""
2hSeK18uk-U,30.000,40.000,"""/m/04rlf,/m/07pbtc8"""
2h_KRQiZR-E,30.000,40.000,"""/m/04rlf,/m/07pbtc8"""
2he1efNmT_c,30.000,40.000,"""/m/07pbtc8,/m/09x0r"""
2hg6NcJdew4,14.000,24.000,"""/m/07pbtc8,/m/09x0r"""
2hiemR0YsdI,30.000,40.000,"""/m/07pbtc8,/m/09x0r"""
2hvhwNjjmos,30.000,40.000,"""/m/07pbtc8"""
2ikhShL4Mzk,30.000,40.000,"""/m/07pbtc8,/m/09x0r"""
2jLwx27aH_Q,30.000,40.000,"""/m/07pbtc8"""
2jvs_ZyDJx4,30.000,40.000,"""/m/07pbtc8,/m/09x0r"""
2kHKofwWh3M,2.000,12.000,"""/m/07pbtc8,/m/09x0r"""
2l6RhXgJ53Q,30.000,40.000,"""/m/04rlf,/m/07pbtc8,/m/09x0r"""
2lDl0QyogaI,30.000,40.000,"""/m/07pbtc8,/m/09x0r"""
2mHHFW4jDSE,30.000,40.000,"""/m/07pbtc8"""
2meFLrr0fXA,30.000,40.000,"""/m/07pbtc8"""
2mg_rHcIJBQ,30.000,40.000,"""/m/07pbtc8,/m/09x0r"""
2nAxLOiEeR0,0.000,8.000,"""/m/07pbtc8,/m/09x0r"""
2nzZW3n4NNw,30.000,40.000,"""/m/04rlf,/m/07pbtc8"""
2o08IeJ_ULk,30.000,40.000,"""/m/07pbtc8,/m/09x0r"""
2oUzpwK6WlY,30.000,40.000,"""/m/04rlf,/m/07pbtc8,/m/09x0r"""
2okIFtIFR_E,30.000,40.000,"""/m/04rlf,/m/07pbtc8,/m/09x0r"""
2ou-C3tQOco,20.000,30.000,"""/m/07pbtc8,/m/09x0r"""
2ozOv9jrLCw,30.000,40.000,"""/m/04rlf,/m/07pbtc8"""
2qtFJz0Cpn8,30.000,40.000,"""/m/07pbtc8,/m/09x0r"""
2quFqRZKqQ8,370.000,380.000,"""/m/07pbtc8,/t/dd00129"""
2r8eDztGt7Q,30.000,40.000,"""/m/07pbtc8,/m/09x0r"""
2rWnLQGuIdI,30.000,40.000,"""/m/04rlf,/m/07pbtc8,/m/09x0r"""
2s-itDymnag,30.000,40.000,"""/m/07pbtc8,/m/09x0r"""
2sTDsYsur4A,30.000,40.000,"""/m/07pbtc8"""
2smErMxKX4M,30.000,40.000,"""/m/07pbtc8,/m/09x0r"""
2tbhV5KBPbg,30.000,40.000,"""/m/07pbtc8"""
2thsNDqOH-E,30.000,40.000,"""/m/07pbtc8,/m/09x0r"""
2tta0Gb6-r0,30.000,40.000,"""/m/04rlf,/m/07pbtc8"""
2vmkiYq8M98,30.000,40.000,"""/m/07pbtc8,/m/09x0r"""
2vpjrOFhyic,30.000,40.000,"""/m/07pbtc8,/m/09x0r"""
2wzUmr0idBo,30.000,40.000,"""/m/07pbtc8"""
2xPDia12Yq4,30.000,40.000,"""/m/04rlf,/m/07pbtc8,/m/09x0r"""
2xRLazcekmA,30.000,40.000,"""/m/07pbtc8,/m/09x0r"""
2xd-w73FEho,30.000,40.000,"""/m/07pbtc8"""
2xekWIJOJ04,140.000,150.000,"""/m/07pbtc8"""
2xunPePOBMk,30.000,40.000,"""/m/07pbtc8,/m/09x0r"""
2yZsvAi2MFk,27.000,37.000,"""/m/07pbtc8,/m/09x0r"""
2yeFX_5v4qA,30.000,40.000,"""/m/07pbtc8,/m/09x0r"""
2zWEojd4nOM,30.000,40.000,"""/m/07pbtc8"""
3-7RuopGT7c,14.000,24.000,"""/m/07pbtc8,/m/09x0r"""
3-9IVRpP0AI,0.000,10.000,"""/m/07pbtc8,/m/09x0r"""
3-RY_GVa9mQ,0.000,6.000,"""/m/07pbtc8"""
3-_XLRxF1Wg,220.000,230.000,"""/m/07pbtc8,/m/09x0r"""
30Kuxak9HNQ,30.000,40.000,"""/m/04rlf,/m/07pbtc8"""
30TJTj_nrZU,30.000,40.000,"""/m/07pbtc8"""
30pT__dBXQI,30.000,40.000,"""/m/07pbtc8,/m/09x0r"""
328KWClfe8U,30.000,40.000,"""/m/04rlf,/m/07pbtc8,/m/09x0r"""
32jliWwQ7Ds,30.000,40.000,"""/m/07pbtc8"""
32x5OU8Ps9c,30.000,40.000,"""/m/04rlf,/m/07pbtc8,/m/09x0r"""
32zDmqzFI7k,0.000,8.000,"""/m/07pbtc8,/m/09x0r"""
333KIOx2wbQ,30.000,40.000,"""/m/04rlf,/m/07pbtc8,/m/09x0r"""
34790TxFEN8,230.000,240.000,"""/m/07pbtc8,/m/09x0r,/t/dd00129"""
34hR70tH9zQ,30.000,40.000,"""/m/07pbtc8,/m/09x0r"""
36fj2DgCQko,30.000,40.000,"""/m/07pbtc8,/m/09x0r"""
387-ckUQack,30.000,40.000,"""/m/07pbtc8"""
39ehQvtUxQM,10.000,20.000,"""/m/07pbtc8"""
3CkSpuZzYqE,30.000,40.000,"""/m/07pbtc8,/m/09x0r"""
3H0_V4mK-ic,30.000,40.000,"""/m/07pbtc8,/m/09x0r"""
3H8yGcnW10U,30.000,40.000,"""/m/07pbtc8,/m/09x0r"""
3HM5eWNe11g,10.000,20.000,"""/m/07pbtc8"""
3IzDSH4R9n4,10.000,20.000,"""/m/07pbtc8"""
3J2noi-mqf0,40.000,50.000,"""/m/07pbtc8,/m/09x0r"""
3NQZY8nluCw,0.000,10.000,"""/m/07pbtc8"""
3RzhHkGlIzQ,30.000,40.000,"""/m/04rlf,/m/07pbtc8,/m/09x0r"""
3SIaV16xO1E,30.000,40.000,"""/m/07pbtc8"""
3UMPtTNznfQ,20.000,30.000,"""/m/07pbtc8,/m/09x0r,/t/dd00129"""
3ZjZmwwmsSk,0.000,6.000,"""/m/07pbtc8"""
3cJo6edNae0,90.000,100.000,"""/m/07pbtc8"""
3e9dyRyl60o,30.000,40.000,"""/m/07pbtc8,/m/09x0r"""
3iUFXHpdp-w,360.000,370.000,"""/m/07pbtc8"""
3ixcZSeB5YQ,30.000,40.000,"""/m/07pbtc8,/m/09x0r"""
3lrnIaZLziY,30.000,40.000,"""/m/07pbtc8,/m/09x0r"""
3sZmy1EBciw,250.000,260.000,"""/m/07pbtc8,/m/09x0r"""
3wTyO3SqpjQ,20.000,30.000,"""/m/06h7j,/m/07pbtc8,/m/09x0r"""
4-H8rdBnwgE,40.000,50.000,"""/m/068hy,/m/07pbtc8,/m/0bt9lr,/m/0jbk"""
45Da73-gT4U,30.000,40.000,"""/m/07pbtc8"""
4BQ8Q3PT8zk,340.000,350.000,"""/m/07pbtc8,/m/09x0r"""
4IYZO7bdYFw,0.000,5.000,"""/m/07pbtc8"""
4Mon1huNP9U,30.000,40.000,"""/m/07pbtc8,/m/09x0r"""
4RWOcGZyXwE,18.000,28.000,"""/m/07pbtc8"""
4SdQfvmj2Pk,30.000,40.000,"""/m/07pbtc8,/m/09x0r"""
4U_Ny50ZoaE,30.000,40.000,"""/m/07pbtc8,/m/07qmpdm"""
4jVtuAwykxM,30.000,40.000,"""/m/07pbtc8,/m/09x0r,/t/dd00128"""
4joZZL17RUM,190.000,200.000,"""/m/032s66,/m/07pbtc8"""
4kRM2ovqvYc,30.000,40.000,"""/m/07pbtc8"""
4muU1IZF1kw,130.000,140.000,"""/m/07pbtc8"""
4ouXu6wHB1k,30.000,40.000,"""/m/07pbtc8,/m/09x0r"""
4uNjD4lmGpo,30.000,40.000,"""/m/07pbtc8,/m/09x0r"""
4we5EbY4Bf8,250.000,260.000,"""/m/07pbtc8,/m/09x0r"""
59mgzia96XQ,50.000,60.000,"""/m/07pbtc8"""
5APJOXwwGO0,28.000,38.000,"""/m/07pbtc8,/m/07pggtn"""
5EJVdUceKlQ,30.000,40.000,"""/m/0155w,/m/04rlf,/m/07pbtc8,/m/09x0r"""
5F_bVzhLGEo,30.000,40.000,"""/m/07pbtc8,/m/09x0r"""
5Fjqa_83enY,250.000,260.000,"""/m/06h7j,/m/07pbtc8,/m/09x0r"""
5XeqIC3wMcc,120.000,130.000,"""/m/07pbtc8,/m/09x0r"""
5aI26gZfvQE,140.000,150.000,"""/m/07pbtc8,/t/dd00129"""
5b4Ipk0x9pM,80.000,90.000,"""/m/07pbtc8,/m/09x0r,/t/dd00129"""
5bAxwhKaeQk,17.000,27.000,"""/m/07pbtc8"""
5cbbiBPwZXI,30.000,40.000,"""/m/04rlf,/m/07pbtc8,/m/07qfr4h,/m/09x0r"""
5cud296Q6AM,0.000,10.000,"""/m/07pbtc8,/m/09x0r"""
5fNMkskpG10,40.000,50.000,"""/m/07pbtc8,/t/dd00129"""
5jFv4R7sRmo,500.000,510.000,"""/m/07pbtc8,/m/09x0r,/m/0jbk"""
5pdf2dAxvfo,60.000,70.000,"""/m/07pbtc8,/t/dd00129"""
5rDKV463xHY,30.000,40.000,"""/m/07pbtc8,/m/09x0r"""
5uFsq8z_LdA,350.000,360.000,"""/m/07pbtc8,/m/09x0r"""
5vB82pLzadM,40.000,50.000,"""/m/07pbtc8"""
61uZjtPsKig,30.000,40.000,"""/m/07pbtc8"""
65PrnfFRhE0,30.000,40.000,"""/m/07pbtc8,/m/09x0r"""
6AoIDJ0NuWI,5.000,15.000,"""/m/07pbtc8,/m/09x0r"""
6S6tbx7tzHo,160.000,170.000,"""/m/07pbtc8,/m/09x0r"""
6Tp2V99CN6s,0.000,10.000,"""/m/015p6,/m/04rlf,/m/07pbtc8,/m/09ddx"""
6U--rFrTgVE,0.000,10.000,"""/m/07pbtc8,/m/09x0r"""
6V6ykO6b_BI,30.000,40.000,"""/m/07pbtc8,/m/07qwyj0"""
6WT0qjbK4qo,30.000,40.000,"""/m/014zdl,/m/07pbtc8,/m/07qsvvw,/m/09x0r"""
6aMRn5Ylg4Q,460.000,470.000,"""/m/07pbtc8,/m/09x0r"""
6iaiMIrrDO4,30.000,40.000,"""/m/07pbtc8,/m/07rv9rh,/m/09x0r,/m/0jbk"""
6ljUstUkw64,360.000,370.000,"""/m/07pbtc8"""
6oAc5nas0DU,30.000,40.000,"""/m/07pbtc8"""
6oTGO73EkyY,180.000,190.000,"""/m/07pbtc8,/m/09x0r"""
6s2prszuWS4,30.000,40.000,"""/m/07pbtc8"""
6ta_zgoWlR4,20.000,30.000,"""/m/04rlf,/m/07pbtc8"""
6uKJo7kIPCo,1.000,11.000,"""/m/07pbtc8"""
6uj9R3Evxvs,0.000,10.000,"""/m/07pbtc8"""
6zBnEaEPwwA,0.000,10.000,"""/m/07pbtc8"""
6zQLhJ3D-1Y,30.000,40.000,"""/m/07pbtc8,/m/09x0r"""
70VOlcSRvzE,570.000,580.000,"""/m/07pbtc8"""
70z2zMO5-l8,40.000,50.000,"""/m/04rlf,/m/07pbtc8,/m/09x0r"""
73pVsCbQ2GU,0.000,10.000,"""/m/07pbtc8"""
74-EjEYYoaI,80.000,90.000,"""/m/07pbtc8,/m/09x0r"""
7BQvuEsu000,140.000,150.000,"""/m/07pbtc8"""
7HkZuN47nzo,13.000,23.000,"""/m/07pbtc8,/m/07qwdck,/m/09x0r"""
7LI0b-fZY0c,220.000,230.000,"""/m/07pbtc8"""
7NlAj7vuPfM,30.000,40.000,"""/m/07pbtc8,/m/09x0r"""
7OcnoxEFY2Q,30.000,40.000,"""/m/07pbtc8,/m/09x0r"""
7RI_B5iHp2U,30.000,40.000,"""/m/07pbtc8,/m/09x0r"""
7ToaoALDWps,30.000,40.000,"""/m/07pbtc8"""
7Wu83XsdkNM,16.000,26.000,"""/m/07pbtc8"""
7_e3tBtDVVI,590.000,600.000,"""/m/07pbtc8,/m/09x0r"""
7a_dAmXLzz0,30.000,40.000,"""/m/07pbtc8,/m/09x0r"""
7b2iJ_ufN_0,10.000,20.000,"""/m/07pbtc8"""
7cjJMyy8ibY,550.000,560.000,"""/m/07pbtc8"""
7ei93NWEuv0,30.000,40.000,"""/m/07pbtc8,/m/07pggtn,/m/09x0r,/t/dd00129"""
7iKYHaoItuU,30.000,40.000,"""/m/07pbtc8,/m/07pzfmf,/m/07qwyj0"""
7kBQi_Y-SVc,30.000,40.000,"""/m/07pbtc8"""
7p0as9vWmf4,30.000,40.000,"""/m/07pbtc8,/m/09x0r,/m/0jbk"""
7pdRB2my-1E,50.000,60.000,"""/m/07pbtc8,/m/07yv9"""
7tCAdaRlmn8,230.000,240.000,"""/m/04rlf,/m/07pbtc8,/m/09x0r"""
821a8FCTAHE,340.000,350.000,"""/m/07pbtc8,/m/0jbk"""
87OAkh1RUcg,30.000,40.000,"""/m/07pbtc8"""
89GPh55V3sg,90.000,100.000,"""/m/07pbtc8,/m/09x0r,/m/0bt9lr,/m/0jbk"""
8Dp_aJHQp0I,60.000,70.000,"""/m/07pbtc8,/t/dd00128"""
8E_gDLHHlmg,20.000,30.000,"""/m/04rlf,/m/07pbtc8,/m/09x0r"""
8EhZYxwau_M,30.000,40.000,"""/m/06h7j,/m/07pbtc8,/m/09x0r,/t/dd00128"""
8EnpF-c9o8I,120.000,130.000,"""/m/07pbtc8,/m/09x0r"""
8HsUSw982IM,110.000,120.000,"""/m/07pbtc8,/t/dd00129"""
8NSv7S-vyqk,30.000,40.000,"""/m/068hy,/m/07pbtc8,/m/0bt9lr,/m/0jbk"""
8Pu66g7D7fU,30.000,40.000,"""/m/07pbtc8,/m/09x0r"""
8aEpPvoA4WI,190.000,200.000,"""/m/07pbtc8,/m/09x0r"""
8aWqPv2EN_s,0.000,10.000,"""/m/07pbtc8,/m/09x0r"""
8dMgXiqbqqQ,0.000,10.000,"""/m/07pbtc8,/m/07r04,/t/dd00129"""
8dWfrckbHbU,80.000,90.000,"""/m/07pbtc8,/m/0jbk,/t/dd00129"""
8gPCt0LegYY,2.000,12.000,"""/m/07pbtc8"""
8iIax6LKP70,70.000,80.000,"""/m/07pbtc8,/m/09x0r"""
8iyguC4iGGE,30.000,40.000,"""/m/01x3z,/m/07pbtc8"""
8jqgJrYV8uE,50.000,60.000,"""/m/07pbtc8"""
8kH0EeosuKU,30.000,40.000,"""/m/04rlf,/m/07pbtc8,/m/09x0r"""
8o5E-furZhY,40.000,50.000,"""/m/07pbtc8"""
8obIYZ_BxC0,30.000,40.000,"""/m/07pbtc8,/m/09x0r"""
8qMHC2h_nsM,29.000,39.000,"""/m/04rlf,/m/07pbtc8"""
8vdNnv7Dz08,30.000,40.000,"""/m/04rlf,/m/07pbtc8,/m/09x0r"""
8xlXgRixiRw,10.000,20.000,"""/m/07pbtc8"""
8yFg8NMI48A,0.000,10.000,"""/m/07pbtc8"""
8za21m2UkdU,30.000,40.000,"""/m/07pbtc8,/m/09x0r"""
90UEyRSeemc,30.000,40.000,"""/m/07pbtc8"""
91E9XV2kgJs,20.000,30.000,"""/m/07pbtc8,/m/07yv9,/m/0k4j"""
91ia8A_iA_8,30.000,40.000,"""/m/07pbtc8"""
93kXY3gwM38,20.000,30.000,"""/m/07pbtc8,/m/09x0r"""
95-rUiN-9RY,270.000,280.000,"""/m/07pbtc8,/m/09x0r"""
95U4iEWq6ro,30.000,40.000,"""/m/04rlf,/m/07pbtc8,/m/09x0r,/m/0l14j_"""
9CnJiA7WFFQ,150.000,160.000,"""/m/04rlf,/m/07pbtc8,/m/09x0r"""
9GWNtnMQ7dw,70.000,80.000,"""/m/07pbtc8,/m/09x0r,/t/dd00129"""
9H6qgjw-3-o,70.000,80.000,"""/m/012f08,/m/07pbtc8,/m/07yv9"""
9I4ldAhVqJM,120.000,130.000,"""/m/03k3r,/m/07pbtc8,/m/0jbk"""
9R8iAUs5hq0,170.000,180.000,"""/m/04rlf,/m/07pbtc8,/m/09x0r"""
9T6_17jRQk0,30.000,40.000,"""/m/07pbtc8"""
9TACjJ7eZeM,30.000,40.000,"""/m/07pbtc8"""
9VH50MslmD8,580.000,590.000,"""/m/07pbtc8,/m/0k4j"""
9VrchMCofBI,30.000,40.000,"""/m/06h7j,/m/07pbtc8,/m/09x0r,/t/dd00128"""
9VwgDtGLZJo,30.000,40.000,"""/m/07pbtc8,/m/0c1dj"""
9btwxOaGBgY,0.000,10.000,"""/m/07pbtc8"""
9d03Z2-42Mo,20.000,30.000,"""/m/07pbtc8,/m/09x0r"""
9fMS-ox6vD8,100.000,110.000,"""/m/07pbtc8"""
9mt0S_eLlyI,23.000,33.000,"""/m/07pbtc8"""
9yvPbdGz3uU,380.000,390.000,"""/m/07pbtc8,/m/09x0r"""
A3POSFSEM3I,30.000,40.000,"""/m/04rlf,/m/07pbtc8,/m/09x0r,/m/0c1dj"""
A5iwkNWqNS8,120.000,130.000,"""/m/07pbtc8,/m/09x0r"""
AAESVzk_wiI,250.000,260.000,"""/m/07pbtc8,/m/07yv9,/t/dd00129"""
ABGWVtzOSKc,300.000,310.000,"""/m/07pbtc8,/m/083vt"""
AEZXAPUwcQE,30.000,40.000,"""/m/07pbtc8"""
AJ5N6lVF_wY,10.000,20.000,"""/m/04rlf,/m/07pbtc8"""
APZn9phF13w,30.000,40.000,"""/m/07pbtc8,/m/09x0r"""
AT-Enze1KVU,0.000,10.000,"""/m/07pbtc8,/m/09x0r"""
AaPFOKFGmZo,10.000,20.000,"""/m/07pbtc8"""
AackN-nURQk,30.000,40.000,"""/m/07pbtc8"""
AcqFQr2wPVU,290.000,300.000,"""/m/04rlf,/m/07pbtc8"""
AdV2uEPtSwI,80.000,90.000,"""/m/012f08,/m/07pbtc8,/m/07yv9,/m/0k4j"""
AfI52eeA794,30.000,40.000,"""/m/07pbtc8,/m/09x0r"""
AhHW1jNf_cw,30.000,40.000,"""/m/07pbtc8,/m/083vt,/m/09x0r"""
Anblq7FzVdQ,170.000,180.000,"""/m/07pbtc8,/m/09x0r"""
ApLrmFIK90M,19.000,29.000,"""/m/07pbtc8"""
Av5FhGxgvCQ,130.000,140.000,"""/m/07pbtc8"""
B-S3eA4NEgs,30.000,40.000,"""/m/07pbtc8,/t/dd00129"""
B3IvK8JtYM4,30.000,40.000,"""/m/04rlf,/m/07pbtc8,/m/09x0r"""
BAtkLtICo-I,50.000,60.000,"""/m/07pbtc8,/m/09x0r"""
BF1c2Cke5uE,90.000,100.000,"""/m/07pbtc8"""
BRQ2XXH96qc,370.000,380.000,"""/m/07pbtc8,/m/09x0r"""
BUfzDUbMVpQ,20.000,30.000,"""/m/07pbtc8,/t/dd00129"""
BVLnI34KFpI,90.000,100.000,"""/m/07pbtc8"""
BZ8KxGKh8ns,30.000,40.000,"""/m/04rlf,/m/07pbtc8,/m/09x0r"""
BbEUUe1B6aI,30.000,40.000,"""/m/07pbtc8,/m/09x0r"""
BdJS3akyK8k,20.000,30.000,"""/m/07pbtc8,/m/09x0r,/m/0jbk"""
BgpUKWSxQpg,540.000,550.000,"""/m/07pbtc8,/m/09x0r"""
BhEEGSpetBE,30.000,40.000,"""/m/07pbtc8,/m/09x0r"""
BjK-QrjWJfQ,20.000,30.000,"""/g/122z_qxw,/m/07pbtc8"""
BjNkPfTql3k,30.000,40.000,"""/m/04rlf,/m/07pbtc8,/m/0l14j_"""
Bn97WNBaqhM,130.000,140.000,"""/m/07pbtc8,/m/09x0r"""
BoHhRv-K680,40.000,50.000,"""/m/07pbtc8,/m/09x0r"""
Bw_M2cdLIN8,80.000,90.000,"""/m/07pbtc8,/m/09x0r"""
BzHd7peJemg,40.000,50.000,"""/g/122z_qxw,/m/07pbtc8"""
C0WirMvai9c,150.000,160.000,"""/m/07pbtc8,/m/09x0r,/t/dd00129"""
C5c_xfFb9iQ,560.000,570.000,"""/m/07pbtc8,/m/09x0r"""
C9UjyHvUD3A,180.000,190.000,"""/m/07pbtc8,/m/09x0r"""
CAMVeKK0tXE,28.000,38.000,"""/m/04rlf,/m/07pbtc8,/m/09x0r"""
CBlLbEe-0CU,380.000,390.000,"""/m/07pbtc8,/m/09x0r"""
CE80D-V6d9c,0.000,4.000,"""/m/04rlf,/m/07pbtc8"""
CECmqc-SQzA,100.000,110.000,"""/m/07pbtc8"""
CFKyKao6wmk,150.000,160.000,"""/m/07pbtc8"""
CLfmnF3r-wo,30.000,40.000,"""/m/07pbtc8,/m/07qsvvw"""
CUK_XxRAANI,30.000,40.000,"""/m/07pbtc8,/m/09x0r"""
CUwbxJqtWbA,100.000,110.000,"""/m/07pbtc8,/m/07yv9,/m/0k4j"""
CVKCWJ8rY28,80.000,90.000,"""/m/06h7j,/m/07pbtc8,/m/09x0r"""
CmMNtALp0JE,230.000,240.000,"""/m/07pbtc8,/m/09x0r"""
Co6m9WuTZVY,30.000,40.000,"""/m/07pbtc8,/m/09x0r"""
CpiMxti3wNg,60.000,70.000,"""/m/068hy,/m/07pbtc8,/m/0bt9lr,/m/0jbk"""
Crc5qM6Gt40,330.000,340.000,"""/m/07pbtc8,/m/09x0r"""
Cv_ddNt5W6Y,120.000,130.000,"""/m/07pbtc8,/m/09x0r"""
Cw5Gx5fsxyM,0.000,10.000,"""/m/07pbtc8,/m/09x0r"""
CwQKT8z0OsI,30.000,40.000,"""/m/07pbtc8"""
D-qg5qrHBC0,260.000,270.000,"""/m/078jl,/m/07pbtc8,/m/09x0r,/m/0jbk"""
D2XmykOojVw,0.000,10.000,"""/m/07pbtc8,/m/09x0r"""
DAyb-aIMnDA,0.000,10.000,"""/m/07pbtc8"""
DBRvVR2KHeg,230.000,240.000,"""/m/07pbtc8,/m/09x0r"""
DC9qFGXEdrs,200.000,210.000,"""/m/07pbtc8,/t/dd00129"""
DGqlAeVEnYc,130.000,140.000,"""/m/07pbtc8,/m/09x0r"""
DJJOP9Kqulo,30.000,40.000,"""/m/07pbtc8,/m/09x0r"""
DSLeZT90ziM,10.000,20.000,"""/m/07pbtc8"""
DXq90FQykcE,210.000,220.000,"""/m/07pbtc8,/m/09x0r"""
DYnEmk4Ah6g,70.000,80.000,"""/m/07pbtc8,/m/09x0r"""
Dhvtcggb4Uc,30.000,40.000,"""/m/07pbtc8,/m/09x0r"""
Dl_-9HuKqD0,220.000,230.000,"""/m/02_41,/m/07pbtc8,/m/09x0r"""
Dtf0ZeqLW-g,140.000,150.000,"""/m/07pbtc8,/m/09x0r"""
DvXqY_2fBQc,0.000,3.000,"""/m/07pbtc8"""
DwzCvEtkIeA,0.000,10.000,"""/m/03v3yw,/m/07pbtc8,/m/09x0r"""
E0f80Gkh4eU,250.000,260.000,"""/m/07pbtc8,/m/09x0r"""
E0p9F4m0YfM,20.000,30.000,"""/m/07pbtc8,/m/09x0r"""
E5QT60jSXQ0,230.000,240.000,"""/m/07pbtc8,/m/07yv9,/m/0k4j"""
E6dsSyvek1g,270.000,280.000,"""/m/01j3sz,/m/07pbtc8,/m/09x0r"""
E7kop5VJoY4,280.000,290.000,"""/m/04rlf,/m/07pbtc8,/m/09x0r,/t/dd00128"""
E88iyzlzuLs,330.000,340.000,"""/m/07bgp,/m/07pbtc8,/m/09x0r,/m/0bt9lr,/m/0ch8v,/m/0jbk"""
E8E10uMxy4A,200.000,210.000,"""/m/07pbtc8,/m/07yv9,/m/09x0r"""
EAt0pkag9YY,110.000,120.000,"""/m/07pbtc8,/m/09x0r,/m/0jbk,/t/dd00129"""
EFb2dVVbBKw,0.000,10.000,"""/m/07pbtc8,/m/09x0r"""
EJovscvYRIo,30.000,40.000,"""/m/07pbtc8,/m/09x0r"""
EMRn2PJrGfk,20.000,30.000,"""/m/04rlf,/m/07pbtc8"""
ESzUvGvtHug,400.000,410.000,"""/m/07pbtc8"""
EWotxQyqTlI,10.000,20.000,"""/m/07pbtc8,/m/09x0r,/m/0g6b5"""
EkofGOSi9Mo,30.000,40.000,"""/m/07pbtc8,/m/07rdhzs,/m/09x0r"""
El-_OgNpyZ0,10.000,20.000,"""/m/07pbtc8,/m/09x0r,/m/0jbk"""
EnKBgM4gcSA,280.000,290.000,"""/m/07pbtc8"""
EzV6XBqha78,0.000,10.000,"""/m/07pbtc8"""
EzZNR0PaD5s,0.000,10.000,"""/m/07pbtc8,/m/0c1dj"""
Ez_r9b2NbuQ,10.000,20.000,"""/m/07pbtc8,/m/09x0r"""
FEdlbxMp53g,10.000,20.000,"""/m/07pbtc8,/m/09x0r"""
FHkdAWdmyUc,0.000,10.000,"""/m/07pbtc8,/m/09x0r"""
FK6wt45-njg,230.000,240.000,"""/m/07pbtc8,/m/09x0r"""
FNRZReVf6Sg,150.000,160.000,"""/m/07pbtc8,/m/09x0r"""
FR0llEDHEwg,60.000,70.000,"""/m/07pbtc8,/m/09x0r"""
FXh7orZafto,30.000,40.000,"""/m/07pbtc8"""
FeeXHkjsEX8,30.000,40.000,"""/m/07pbtc8,/m/09x0r"""
FeyVjzDutmg,1.000,11.000,"""/m/07pbtc8,/m/09x0r"""
FfXPc7Ik1Dc,120.000,130.000,"""/m/07pbtc8"""
FhsgK67rpk8,350.000,360.000,"""/m/07pbtc8,/m/09x0r"""
Fm6NKdJRIBM,530.000,540.000,"""/m/07pbtc8,/m/09x0r"""
FqqO4MPnfEc,80.000,90.000,"""/m/07pbtc8"""
FrIujFnTMYw,50.000,60.000,"""/m/07pbtc8,/m/0g6b5"""
Fw7-ZkSTjFY,110.000,120.000,"""/m/03qtwd,/m/07pbtc8,/m/07qfr4h,/m/09x0r"""
G7fqI9Jm-dQ,40.000,50.000,"""/m/07pbtc8"""
GELnoCGZK1M,60.000,70.000,"""/m/07pbtc8,/m/09x0r,/t/dd00128"""
GEp0TwsgJgk,160.000,170.000,"""/m/07pbtc8"""
GJw6qyg8Gt4,180.000,190.000,"""/m/04rlf,/m/07pbtc8"""
GKx-zovrtAo,150.000,160.000,"""/m/07pbtc8,/m/09x0r,/t/dd00129"""
GNwFfAG1p7U,10.000,20.000,"""/m/07pbtc8,/m/09x0r,/t/dd00129"""
GOcWvbVcwCc,30.000,40.000,"""/m/07pbtc8,/m/09x0r"""
GOkSMMx2TYI,40.000,50.000,"""/m/07pbtc8"""
GR39OiV11bA,25.000,35.000,"""/m/07pbtc8"""
GR40cq3_bbc,30.000,40.000,"""/m/07pbtc8,/m/09x0r"""
GcEC4pjB77A,40.000,50.000,"""/m/07pbtc8"""
GeIgsjVrKVU,6.000,16.000,"""/m/07pbtc8"""
Gel2Bfsh2yY,270.000,280.000,"""/m/07pbtc8"""
GgJReW0cltA,0.000,10.000,"""/m/07pbtc8,/m/09x0r,/t/dd00129"""
Gj6dZV4lkl4,60.000,70.000,"""/m/07pbtc8,/m/09x0r"""
Gpl15CfhaGg,50.000,60.000,"""/m/07pbtc8,/m/09x0r"""
H28PD55OAKA,30.000,40.000,"""/m/02qmj0d,/m/04rlf,/m/07pbtc8,/m/07y_7,/m/0l14_3"""
H59lxGb0zcQ,20.000,30.000,"""/m/07pbtc8,/m/09x0r"""
HAuSjdIuzLM,250.000,260.000,"""/m/07pbtc8"""
HE0NFgLOj-U,30.000,40.000,"""/m/07pbtc8"""
HENy7IgeOwU,160.000,170.000,"""/m/07pbtc8,/m/07yv9"""
HM3o9tVCzjc,30.000,40.000,"""/m/07pbtc8,/m/09x0r"""
HMqOmsgolh4,0.000,10.000,"""/m/03qtwd,/m/07pbtc8,/m/09x0r"""
HZoyjnkYqHs,0.000,10.000,"""/m/07pbtc8,/m/09x0r,/t/dd00005"""
Hk_b1N9gSrM,30.000,40.000,"""/m/04rlf,/m/07pbtc8,/m/09x0r"""
HmeFgoM7z7Q,30.000,40.000,"""/m/07pbtc8"""
HnpPDEoslNg,0.000,10.000,"""/m/07pbtc8,/m/09x0r,/m/0ytgt"""
HpcYXgpel14,30.000,40.000,"""/m/07pbtc8,/m/09x0r"""
HsQop2Xpg2o,10.000,20.000,"""/m/07pbtc8"""
HtLoDzhKBi0,20.000,30.000,"""/m/07pbtc8,/m/09x0r"""
I41ZH5LhwxU,30.000,40.000,"""/m/07pbtc8,/m/09x0r"""
I6wObJmiKys,90.000,100.000,"""/m/07pbtc8"""
IB2f2nIT2-w,0.000,10.000,"""/m/07pbtc8,/m/09x0r"""
IDR1KQ9sJZ0,110.000,120.000,"""/m/07pbtc8,/m/09x0r"""
IGa--OrkB-M,100.000,110.000,"""/m/07pbtc8,/m/0bt9lr,/m/0jbk,/t/dd00129"""
IKJd7bGI72g,40.000,50.000,"""/m/07pbtc8,/m/09x0r,/m/0ytgt"""
ILHRU2_65RA,14.000,24.000,"""/m/07pbtc8,/m/09x0r"""
IQZwJk506GU,0.000,10.000,"""/m/04rlf,/m/07pbtc8"""
IQtaz0bNT2Q,230.000,240.000,"""/m/07pbtc8"""
ITWE0f-6ans,10.000,20.000,"""/m/07pbtc8,/m/09x0r"""
IUliDpwwdK0,60.000,70.000,"""/m/07pbtc8"""
IVDQCUc_7VE,260.000,270.000,"""/m/07pbtc8"""
IirLJ95FGyc,10.000,20.000,"""/m/04rlf,/m/07pbtc8"""
Il2ygo5bJJs,370.000,380.000,"""/m/04rlf,/m/07pbtc8,/m/09x0r,/t/dd00126"""
In8MVie-oo0,30.000,40.000,"""/m/07pbtc8"""
Ishmv9RnBSs,400.000,410.000,"""/m/032s66,/m/07pbtc8,/m/09x0r"""
Ix5uPjC1gHI,70.000,80.000,"""/m/07pbtc8,/m/09x0r"""
J2h3JItRnVc,130.000,140.000,"""/m/07pbtc8"""
J3RehMNXjoY,310.000,320.000,"""/m/04rlf,/m/07pbtc8"""
J66JmlsLmxo,30.000,40.000,"""/m/07pbtc8"""
J6zehqpXVcg,30.000,40.000,"""/m/03qtwd,/m/07pbtc8,/m/09x0r"""
JGdsI0Eor2s,170.000,180.000,"""/m/07pbtc8"""
JHF8D94rlPo,0.000,10.000,"""/m/07pbtc8,/m/07yv9"""
JHfI9dVk7U4,30.000,40.000,"""/m/07pbtc8"""
JIUgTEChFOw,30.000,40.000,"""/m/07pbtc8,/m/09x0r"""
JJsqTeVk8N4,20.000,30.000,"""/m/07pbtc8,/m/0jbk"""
JLEv4CYLMpw,160.000,170.000,"""/m/04rlf,/m/07pbtc8,/m/09x0r"""
JSlY9sxJSCo,30.000,40.000,"""/m/04rlf,/m/04szw,/m/07pbtc8,/m/09x0r"""
JWN4b0SG2VE,190.000,200.000,"""/m/07pbtc8,/t/dd00129"""
JXHHok2fchU,30.000,40.000,"""/m/07pbtc8,/m/09x0r"""
JbMy03rr0WY,30.000,40.000,"""/m/07pbtc8,/m/09x0r"""
JyyClaH5Ugk,30.000,40.000,"""/m/07jdr,/m/07pbtc8"""
K5S9OzGZCcA,70.000,80.000,"""/m/07pbtc8,/m/07pzfmf,/m/07yv9,/m/0k4j"""
KEBA__cAPtk,270.000,280.000,"""/m/07pbtc8,/m/09x0r"""
KIp7Q5RFz8c,20.000,30.000,"""/m/07pbtc8,/m/09x0r"""
KJTwOcepg5Q,30.000,40.000,"""/m/03qtwd,/m/06h7j,/m/07pbtc8,/m/09x0r,/t/dd00128"""
KMQONXhQ6ec,150.000,160.000,"""/m/07pbtc8,/m/09x0r"""
KOmXhhKqrqY,110.000,120.000,"""/m/032s66,/m/04zjc,/m/07pbtc8"""
KV5gYOkXKP8,80.000,90.000,"""/m/07pbtc8"""
KYcqC9KHdTo,40.000,50.000,"""/m/07pbtc8,/m/09x0r"""
KaYj7zXNWSA,60.000,70.000,"""/m/07pbtc8"""
KwOIV1zPpR0,70.000,80.000,"""/m/07pbtc8"""
KyttoPwe9Uo,400.000,410.000,"""/m/07pbtc8,/m/09x0r"""
KzR6TFowxtc,130.000,140.000,"""/m/07pbtc8"""
L2RJpL4baPQ,410.000,420.000,"""/m/07pbtc8"""
L6480QE_LEs,14.000,24.000,"""/m/07pbtc8,/m/09x0r,/t/dd00126"""
LAnBNjcHlYw,190.000,200.000,"""/m/07pbtc8"""
LImdkvovh-I,160.000,170.000,"""/m/06_y0by,/m/07pbtc8"""
LL-IHzqqwHE,70.000,80.000,"""/m/07pbtc8,/m/09x0r"""
LNPH6tFkgx8,80.000,90.000,"""/m/07pbtc8"""
LNZ_l6tWHVA,180.000,190.000,"""/m/02mk9,/m/07pbtc8,/m/07yv9,/m/0k4j"""
LO6dAInlPmA,550.000,560.000,"""/m/07pbtc8,/m/09x0r"""
LTvm39_vUws,190.000,200.000,"""/m/07pbtc8,/m/09x0r"""
LjxchwDaEw4,120.000,130.000,"""/m/07pbtc8"""
LleWSVKAvnw,10.000,20.000,"""/m/07pbtc8,/m/09x0r"""
LlkubS_2Bxg,360.000,370.000,"""/m/07pbtc8,/m/0lyf6"""
Lt7ggYtMMfA,300.000,310.000,"""/m/07pbtc8"""
LyWXoBdetzg,500.000,510.000,"""/m/07pbtc8,/m/09x0r"""
LzzYRotIiN0,30.000,40.000,"""/m/07pbtc8,/m/09x0r"""
M15jLt1dCXE,150.000,160.000,"""/m/04s8yn,/m/07pbtc8"""
M28SNY4IDlc,10.000,20.000,"""/m/07pbtc8"""
M4unQwfw3kI,270.000,280.000,"""/m/07pbtc8"""
MA8PM3iVYxI,200.000,210.000,"""/m/07pbtc8"""
MBADK9KCd0U,210.000,220.000,"""/m/07pbtc8"""
MCtWh-z2Q-A,70.000,80.000,"""/m/07pbtc8"""
MGqvZb5_NLY,30.000,40.000,"""/m/07pbtc8,/m/09x0r"""
MHQ7fOum5fg,30.000,40.000,"""/m/07pbtc8,/m/07yv9,/m/09x0r"""
ML9dclkKa94,0.000,10.000,"""/m/07pbtc8,/m/09x0r"""
MLHRPc6jJFY,30.000,40.000,"""/m/01bjv,/m/07pbtc8,/m/07yv9"""
MMw1XswBb1Q,60.000,70.000,"""/m/07pbtc8"""
MNjTnT9xtpU,190.000,200.000,"""/m/07pbtc8,/m/09x0r"""
McPA1xwUKpg,10.000,20.000,"""/m/07pbtc8,/m/09x0r,/t/dd00129"""
MiJEQDH9Lqc,50.000,60.000,"""/m/07pbtc8,/m/09x0r"""
MsJCoPVZS14,0.000,10.000,"""/m/07pbtc8,/m/09x0r,/m/0g6b5"""
MzoXsdMzW60,200.000,210.000,"""/m/07pbtc8,/m/09x0r"""
NDrWWgAIbjE,490.000,500.000,"""/m/07pbtc8,/m/09x0r"""
NHOl2_zltvI,20.000,30.000,"""/m/07pbtc8"""
NJ0t-oRhcqM,130.000,140.000,"""/m/07pbtc8,/m/09x0r,/m/0dbvp"""
NJto08Byjx8,20.000,30.000,"""/m/07pbtc8"""
NMoiuXHKoSE,30.000,40.000,"""/m/07pbtc8,/m/07qdb04,/m/09ddx,/m/09x0r,/m/0jbk"""
NUDrmfYjMQs,570.000,580.000,"""/m/07pbtc8,/m/09x0r,/t/dd00129"""
NWyp1LJIZ_4,110.000,120.000,"""/m/07pbtc8"""
N_0qdJYeqoo,50.000,60.000,"""/m/07pbtc8,/m/09x0r,/m/0ytgt"""
N_hD6wrJyfY,100.000,110.000,"""/m/07pbtc8"""
NbNIh--qtXU,10.000,20.000,"""/m/07pbtc8,/m/09x0r"""
NbNmNLQ_FPI,40.000,50.000,"""/m/07pbtc8,/m/09x0r,/m/0jbk"""
NgbTu9X6s9w,160.000,170.000,"""/m/07pbtc8"""
Nib4SaDrhzY,170.000,180.000,"""/m/07pbtc8,/m/09x0r"""
NjJ2uof7U0g,30.000,40.000,"""/m/04rlf,/m/07pbtc8,/m/09x0r"""
NuxkIo4Zl5o,60.000,70.000,"""/m/0199g,/m/02mk9,/m/07pbtc8,/m/07yv9"""
NxP6Lp1DG-c,220.000,230.000,"""/m/07pbtc8,/m/09x0r,/m/0jbk"""
NyFJjCXMytM,30.000,40.000,"""/m/04rlf,/m/07pbtc8"""
O1C9PhRCDvk,10.000,20.000,"""/m/07pbtc8,/m/09x0r"""
O5HUcnbZZSg,360.000,370.000,"""/m/07pbtc8,/m/09x0r"""
O7yZtSagwyo,30.000,40.000,"""/m/015p6,/m/068hy,/m/07pbtc8,/m/09b5t,/m/09x0r"""
O94iSuOSdmA,40.000,50.000,"""/m/07pbtc8,/m/09x0r"""
OFP5O8IVD8g,100.000,110.000,"""/m/03qtwd,/m/07pbtc8,/m/07qfr4h,/m/09x0r"""
OHRpP-py-9Y,440.000,450.000,"""/m/07pbtc8,/m/09x0r"""
OMHhhk_UR_s,200.000,210.000,"""/m/07pbtc8"""
OOjm5N-g7co,30.000,40.000,"""/m/07pbtc8,/m/09x0r"""
OR5P464Bb5M,70.000,80.000,"""/m/07pbtc8,/m/09x0r,/m/0ytgt"""
OUFkzVlmC_c,270.000,280.000,"""/m/07pbtc8"""
OW2o9Qmx06s,50.000,60.000,"""/m/07pbtc8,/m/07yv9"""
OXE8mOmvxJA,150.000,160.000,"""/m/07pbtc8,/m/09x0r"""
OaauIacSLt0,16.000,26.000,"""/m/07pbtc8"""
OhlSjInuAiI,120.000,130.000,"""/m/07pbtc8,/m/09x0r"""
OmQsjoGznJI,30.000,40.000,"""/m/07pbtc8,/m/09x0r"""
Opo7Rh5ypG8,30.000,40.000,"""/m/07pbtc8"""
Ot6Vf94k4xM,150.000,160.000,"""/m/07pbtc8,/m/09x0r,/m/0ytgt"""
OwGGlwSqb6Y,360.000,370.000,"""/m/07pbtc8"""
OwLxYOVjg8s,150.000,160.000,"""/m/07pbtc8,/m/09x0r"""
P4wigUOV6-E,0.000,10.000,"""/m/07pbtc8"""
P6c888Iz2Js,200.000,210.000,"""/m/015p6,/m/07pbtc8"""
P93Cvevfyic,140.000,150.000,"""/m/015p6,/m/07pbtc8"""
PDIY2HzjJ_k,10.000,20.000,"""/m/07pbtc8,/m/09x0r"""
PFamI7PCTek,0.000,10.000,"""/m/07pbtc8,/m/07yv9,/m/0k4j"""
PHC4LmlNwls,50.000,60.000,"""/m/07pbtc8,/m/09x0r"""
PN7TshBCKC8,110.000,120.000,"""/m/05zppz,/m/06h7j,/m/07pbtc8,/m/09x0r"""
PNvtSByJpqs,320.000,330.000,"""/m/07pbtc8,/m/09x0r"""
PQ_ACAxpxK8,60.000,70.000,"""/m/04rlf,/m/07pbtc8,/t/dd00125"""
P_aNtJJuJw4,290.000,300.000,"""/m/07pbtc8,/m/09x0r"""
PaPOoMtEVjk,0.000,10.000,"""/m/04cvmfc,/m/07pbtc8,/m/09x0r,/m/0jbk"""
PdhCXDA7LyQ,430.000,440.000,"""/m/07pbtc8,/m/09x0r"""
PhCMBEwOv5A,580.000,590.000,"""/m/07pbtc8,/m/09x0r"""
PjBt9rs0Y34,20.000,30.000,"""/m/03k3r,/m/07pbtc8,/m/09x0r,/m/0jbk"""
PoVAdBW66Xg,20.000,30.000,"""/m/07pbtc8,/m/09x0r,/t/dd00128"""
PtBv4fKPllM,0.000,10.000,"""/m/07pbtc8"""
Px-nFIqhP94,4.000,14.000,"""/m/07pbtc8"""
PylWxNE3HfE,260.000,270.000,"""/m/04rlf,/m/07pbtc8,/m/07rrh0c"""
PzMhpjhTnI0,160.000,170.000,"""/m/07pbtc8,/m/09x0r,/m/0bt9lr,/m/0jbk"""
Q4Hg0B9KK_E,10.000,20.000,"""/m/07pbtc8,/t/dd00129"""
Q4RVAFqv4Qo,100.000,110.000,"""/m/07pbtc8"""
QAkhnE9ayg4,160.000,170.000,"""/m/012f08,/m/02mk9,/m/07pbtc8,/m/07yv9,/m/09x0r,/m/0k4j"""
QFAmVR7VFfY,340.000,350.000,"""/m/07pbtc8,/m/09x0r"""
QG9hV3gzk3E,60.000,70.000,"""/m/07pbtc8,/m/09x0r"""
QSMjMpHhjDQ,420.000,430.000,"""/m/07pbtc8"""
QaHzXiB0LKQ,10.000,20.000,"""/m/07pbtc8"""
QfutCykRRB8,30.000,40.000,"""/m/07pbtc8,/m/09x0r"""
Qh4SlemZGTw,430.000,440.000,"""/m/07pbtc8,/m/09x0r"""
QoHiotwf8NY,340.000,350.000,"""/m/07pbtc8,/m/09x0r"""
Qy8h7JbGXG0,30.000,40.000,"""/m/07pbtc8"""
R-cLj4FFSpY,30.000,40.000,"""/m/07pbtc8,/m/0c1dj"""
R0YJfkGrTQs,200.000,210.000,"""/m/07pbtc8,/m/09x0r"""
R2eM_sa_yGs,20.000,30.000,"""/m/04rlf,/m/07pbtc8,/m/09x0r"""
R2hRricB7NI,190.000,200.000,"""/m/07pbtc8"""
R7snoJtQ4I4,320.000,330.000,"""/m/07pbtc8,/m/09x0r"""
ROSd7Mf6NDc,270.000,280.000,"""/m/07pbtc8,/m/09x0r"""
RWU_K5thHf0,60.000,70.000,"""/m/07pbtc8,/m/09x0r"""
RXlAZcl24oI,140.000,150.000,"""/m/07pbtc8,/m/09x0r"""
RXwQ3qJZTA8,13.000,23.000,"""/m/07pbtc8"""
Rc7wEJUm71o,410.000,420.000,"""/m/07pbtc8,/m/09x0r"""
RhUns03747U,120.000,130.000,"""/m/07pbtc8"""
Rp4NsHuztu8,310.000,320.000,"""/m/07pbtc8"""
Rpi5dAEvhz8,160.000,170.000,"""/m/07pbtc8"""
RsCJMYgFNuU,30.000,40.000,"""/m/07pbtc8"""
RvDSFWweJlo,130.000,140.000,"""/m/07pbtc8,/m/09x0r"""
Rv_3dquRfgE,540.000,550.000,"""/m/07pbtc8,/m/09x0r"""
RyvBQ5hB42o,180.000,190.000,"""/m/04rlf,/m/07pbtc8"""
RzUwE_hPskg,0.000,5.000,"""/m/07pbtc8"""
S-lvT2qxM_0,130.000,140.000,"""/m/04zjc,/m/07pbtc8,/m/09x0r"""
S-vJ8WKyLP4,60.000,70.000,"""/m/07pbtc8"""
S1n_y6BqJK8,30.000,40.000,"""/m/07pbtc8"""
SBE7-4NBOKk,100.000,110.000,"""/m/07pbtc8"""
SBeknBsMfks,30.000,40.000,"""/m/07pbtc8"""
SC59E4IpG_g,230.000,240.000,"""/m/07pbtc8,/m/09x0r,/t/dd00129"""
SG7JXbQ9WhM,30.000,40.000,"""/m/07pbtc8,/m/09x0r,/t/dd00126"""
SHZXtp8ncyA,30.000,40.000,"""/m/07pbtc8,/m/09x0r"""
SJWOD6gJ1FA,380.000,390.000,"""/m/07pbtc8"""
SJaC8-Llosk,30.000,40.000,"""/m/07pbtc8,/m/07qwyj0,/m/09x0r"""
SQVYKUKgtsM,290.000,300.000,"""/m/04rlf,/m/064t9,/m/07pbtc8"""
SQisJnD7gcg,540.000,550.000,"""/m/07pbtc8"""
SVy8fhM_DRo,30.000,40.000,"""/m/07pbtc8"""
S_v5KVPPAgo,20.000,30.000,"""/m/07pbtc8"""
Sa-sETQlLC4,110.000,120.000,"""/m/07pbtc8"""
ScuGoKaqqyY,30.000,40.000,"""/m/07pbtc8,/m/09x0r"""
SefLRvmpWQ4,20.000,30.000,"""/m/012f08,/m/07pbtc8,/m/07yv9,/m/09x0r"""
SiPU0Z-7SE4,190.000,200.000,"""/m/07pbtc8,/m/09x0r"""
SwLuF8mEVd8,0.000,10.000,"""/m/07pbtc8"""
T6K9B0IGXjQ,280.000,290.000,"""/m/07pbtc8,/m/07yv9,/m/09x0r"""
TM4d5qCNM0Y,230.000,240.000,"""/m/07pbtc8,/m/09x0r,/t/dd00129"""
TNPpTRSHRyg,90.000,100.000,"""/m/07pbtc8,/m/09x0r"""
TWtO_zv7piM,70.000,80.000,"""/m/07pbtc8,/m/09x0r,/t/dd00125"""
TnZ6TjKscRc,80.000,90.000,"""/m/07pbtc8,/m/09x0r"""
ToP-cdb4LNA,280.000,290.000,"""/m/07pbtc8,/m/07yv9,/m/09x0r"""
TrVhcxdXyGE,40.000,50.000,"""/m/07pbtc8"""
TwdWucyZm3c,30.000,40.000,"""/m/04rlf,/m/07pbtc8,/m/09x0r,/m/0ytgt"""
TwrOJ68Ttgs,360.000,370.000,"""/m/07pbtc8"""
U-St4MVZ3uI,0.000,10.000,"""/m/07pbtc8"""
U5hRoddZfPU,210.000,220.000,"""/m/07pbtc8,/m/09x0r,/t/dd00128"""
U9UitcqB804,30.000,40.000,"""/m/04rlf,/m/07pbtc8,/m/07qcpgn,/t/dd00126"""
UAqn_NOyngI,140.000,150.000,"""/m/07pbtc8,/m/09x0r"""
UGLRJcxM770,20.000,30.000,"""/m/07pbtc8,/m/09x0r"""
UGeQwLNTrg0,500.000,510.000,"""/m/07pbtc8,/m/09x0r"""
UGtCRBgnbkY,30.000,40.000,"""/m/07pbtc8,/m/09x0r"""
UH_q-pWj0QY,30.000,40.000,"""/m/07pbtc8,/m/09x0r"""
UPsMXwlFGN4,140.000,150.000,"""/m/07pbtc8,/m/0jbk"""
UcIZjJ9GfFk,230.000,240.000,"""/m/07pbtc8"""
Uec-rR2CLh8,170.000,180.000,"""/m/07pbtc8,/m/09x0r"""
Ug8ngkIHZdg,30.000,40.000,"""/m/02zsn,/m/07pbtc8,/m/09x0r"""
Uhb1Rn19P5s,90.000,100.000,"""/m/07pbtc8,/m/09x0r"""
Urpvv1Jpbr4,30.000,40.000,"""/m/07pbtc8,/m/09x0r"""
Utn2Bh-eLYs,190.000,200.000,"""/m/07pbtc8,/m/09x0r"""
Uvh3d1kx7HM,0.000,10.000,"""/m/07pbtc8"""
V2nXBTDxlFE,320.000,330.000,"""/m/04rlf,/m/06ncr,/m/07pbtc8"""
V3KhpqgCCXQ,200.000,210.000,"""/m/02x984l,/m/07pbtc8"""
V4d66L-uwds,380.000,390.000,"""/m/07pbtc8"""
V7yS-Yxilhk,30.000,40.000,"""/m/07pbtc8,/m/09x0r,/m/0c1dj"""
VB8q57GWnC8,50.000,60.000,"""/m/07pbtc8,/m/07yv9,/m/09x0r,/m/0k4j,/t/dd00128"""
VDrVmTJHhAg,70.000,80.000,"""/m/07pbtc8,/m/09x0r"""
VHzzpSBVSN4,270.000,280.000,"""/m/03qtwd,/m/04rlf,/m/07pbtc8,/m/07qfr4h,/m/09x0r"""
VIU55JvbYu4,510.000,520.000,"""/m/04rlf,/m/07pbtc8"""
VQPKny_CNYM,220.000,230.000,"""/m/07pbtc8,/m/09x0r"""
VQSag6dtuYM,10.000,20.000,"""/m/07pbtc8,/m/09x0r"""
VV-qkzguE40,0.000,10.000,"""/m/07pbtc8,/m/07r5v4s"""
VVMkSmi3NXA,0.000,7.000,"""/m/07pbtc8"""
Vb2HgSnfpvs,30.000,40.000,"""/m/02rtxlg,/m/07pbtc8,/m/09x0r"""
VevMCiFz6Fg,10.000,20.000,"""/m/07pbtc8"""
VgPgy3wA2Bo,530.000,540.000,"""/m/06d_3,/m/07jdr,/m/07pbtc8,/m/09x0r"""
VgpWboR9zKw,0.000,10.000,"""/m/07pbtc8,/m/09x0r,/m/0jbk"""
Vgtemc6ukjc,8.000,18.000,"""/m/07pbtc8"""
VlRHEDOtLFs,130.000,140.000,"""/m/07pbtc8,/m/09x0r"""
VlbOGLM0-us,0.000,10.000,"""/m/07pbtc8,/m/0jbk"""
Vm4wdCdEpuc,30.000,40.000,"""/m/07pbtc8,/m/09x0r"""
Volqww9qp5o,100.000,110.000,"""/m/07pbtc8"""
VpT3dUXY6ZE,240.000,250.000,"""/m/07pbtc8,/m/09x0r"""
VqLIFWQoZOA,70.000,80.000,"""/m/07pbtc8,/m/09x0r"""
VxNfzAuyDYk,0.000,10.000,"""/m/04rlf,/m/07pbtc8"""
W-4YRnQfFKs,10.000,20.000,"""/m/03vt0,/m/07pbtc8,/m/09x0r"""
W4XGLYUSuzo,40.000,50.000,"""/m/01m2v,/m/0316dw,/m/07pbtc8,/m/09x0r"""
W7hTZBmLHYo,230.000,240.000,"""/m/07pbtc8,/m/09x0r"""
W8SroV-09Jo,10.000,20.000,"""/m/018w8,/m/07pbtc8,/m/09x0r,/t/dd00128"""
W9D0ehv7iGo,70.000,80.000,"""/m/07pbtc8,/m/09x0r"""
WC2S6PK4ToI,10.000,20.000,"""/m/01yrx,/m/07pbtc8,/m/0jbk"""
WEUeCHhtlEs,30.000,40.000,"""/m/07pbtc8"""
WGRFqzEEFMg,230.000,240.000,"""/m/04_sv,/m/07pbtc8,/m/07yv9,/m/09x0r,/t/dd00129"""
WK37VWG23Oc,260.000,270.000,"""/m/07pbtc8"""
WN9fNxvXipw,180.000,190.000,"""/m/07pbtc8"""
WSBcSOOgm5g,120.000,130.000,"""/m/07pbtc8,/m/09x0r"""
W_VKwmtJHFE,120.000,130.000,"""/m/07pbtc8,/m/09x0r"""
WbebwGlA9Pw,0.000,10.000,"""/m/07pbtc8"""
WgWFLYh3d7U,190.000,200.000,"""/m/07pbtc8,/m/07yv9,/m/09x0r"""
WlI8puzGmiE,260.000,270.000,"""/m/07pbtc8,/m/09x0r"""
WrIQDdCVV18,20.000,30.000,"""/m/07pbtc8"""
Wto5wAqbMPw,460.000,470.000,"""/m/07pbtc8"""
WzTrahwyKLg,110.000,120.000,"""/m/07bgp,/m/07pbtc8,/m/0ch8v,/m/0jbk"""
X0aDfdzRcJQ,40.000,50.000,"""/m/07pbtc8,/m/09x0r"""
X3XCUrQtprg,100.000,110.000,"""/m/07pbtc8,/m/09x0r"""
XE6HBtt2p_A,13.000,23.000,"""/m/07pbtc8"""
XM9uy7cNYx0,160.000,170.000,"""/m/012f08,/m/07pbtc8,/m/07yv9,/m/09x0r,/m/0k4j"""
XO0lZBqN8nI,0.000,10.000,"""/m/04rlf,/m/07pbtc8,/m/09x0r"""
XQrTsdRWSCE,170.000,180.000,"""/m/07pbtc8"""
XRDiq8qnOaA,160.000,170.000,"""/m/07pbtc8,/m/09x0r"""
XYm5hJfJaFo,80.000,90.000,"""/m/07pbtc8,/t/dd00125"""
XcNzhDh2yN8,40.000,50.000,"""/m/07pbtc8"""
XceaJAUblQ0,30.000,40.000,"""/m/07pbtc8,/m/09x0r,/t/dd00129"""
XfBA6UOBOVk,30.000,40.000,"""/m/07pbtc8"""
XgCSgc5z17g,60.000,70.000,"""/m/07pbtc8,/m/09x0r"""
XgS6nrRIWr8,90.000,100.000,"""/m/07pbtc8,/m/09x0r"""
XgljCHVOdL0,11.000,21.000,"""/m/07pbtc8,/m/09x0r"""
XhDcZR5YtX0,50.000,60.000,"""/m/07pbtc8,/m/09x0r"""
Xi7wczl0GEw,30.000,40.000,"""/m/07pbtc8,/m/07yv9"""
XlnaOoIPP4E,90.000,100.000,"""/m/03qtwd,/m/07pbtc8,/m/07qfr4h,/m/09x0r"""
XnK3yFzNKJ4,100.000,110.000,"""/m/07pbtc8,/t/dd00129"""
XoOQvLO0vxo,40.000,50.000,"""/m/07pbtc8"""
Xt1VvqVH42M,120.000,130.000,"""/m/03vt0,/m/07pbtc8,/t/dd00129"""
XtcKnlI4BqQ,90.000,100.000,"""/m/07k1x,/m/07pbtc8"""
XvplD9n3CCM,0.000,10.000,"""/m/07pbtc8,/m/09x0r"""
Xz5j6PFF79g,110.000,120.000,"""/m/03qtwd,/m/07pbtc8,/m/09x0r"""
Y24KxWkeWdk,0.000,10.000,"""/m/07pbtc8,/m/09x0r"""
Y3GE20ZOVS0,0.000,10.000,"""/m/07pbtc8"""
Y9QCAAeCZ7c,20.000,30.000,"""/m/07pbtc8,/m/07yv9,/m/0k4j,/t/dd00129"""
YI0n4mqPGlw,150.000,160.000,"""/m/07pbtc8,/m/09x0r"""
YJLZYSeI6rc,20.000,30.000,"""/m/07pbtc8"""
YWN8hAQqVsc,140.000,150.000,"""/m/07pbtc8,/m/09x0r"""
YXTmzwpmQkU,10.000,20.000,"""/m/07pbtc8,/m/09x0r,/t/dd00128"""
YbLED_wD3Jc,320.000,330.000,"""/m/04_sv,/m/07pbtc8,/m/07yv9,/m/09x0r"""
YcDLlhDUo-0,0.000,10.000,"""/m/04rlf,/m/07pbtc8,/m/09x0r"""
YiRKoloGiIA,160.000,170.000,"""/m/04rlf,/m/07pbtc8,/m/09x0r"""
YoPDnV75Ttw,170.000,180.000,"""/m/07k1x,/m/07pbtc8,/m/09x0r"""
ZFvaBZwzCI4,30.000,40.000,"""/m/07pbtc8,/m/09x0r,/t/dd00127"""
ZP9HKF9asbA,20.000,30.000,"""/m/015p6,/m/07pbtc8"""
ZPrYZHI-DPQ,230.000,240.000,"""/m/07pbtc8,/m/09x0r"""
ZRbLlFERf-8,170.000,180.000,"""/m/07pbtc8,/m/09x0r"""
ZSoJq5A-Q10,0.000,10.000,"""/m/07pbtc8"""
ZT2YHO4azfU,50.000,60.000,"""/m/04rlf,/m/07pbtc8,/m/09x0r"""
ZVImE0U-nZU,30.000,40.000,"""/m/07pbtc8"""
Z_c2FYVrZKw,0.000,10.000,"""/m/07pbtc8,/m/09x0r"""
Za1QGRl1VFU,30.000,40.000,"""/m/07pbtc8"""
Ze1H7aKVtcM,420.000,430.000,"""/m/07pbtc8,/m/09x0r"""
ZeZ1-oQKmgg,20.000,30.000,"""/m/07pbtc8"""
ZfX0KB1ffqM,40.000,50.000,"""/m/07pbtc8"""
Zl-s5BQy71s,30.000,40.000,"""/m/07pbtc8,/m/09x0r"""
ZmDuPjd7owI,10.000,20.000,"""/m/04rlf,/m/07pbtc8"""
ZmqIh_OU1zY,200.000,210.000,"""/m/07pbtc8,/m/09x0r"""
Zmz3YPTkwjs,80.000,90.000,"""/m/07pbtc8,/m/09x0r"""
Zpm6WcW854Q,320.000,330.000,"""/m/07pbtc8"""
Zrrp4Axi0T8,6.000,16.000,"""/m/07pbtc8,/m/09x0r"""
ZsZRbxGjIWM,20.000,30.000,"""/m/07pbtc8"""
ZwpKviZyn8Y,110.000,120.000,"""/m/07pbtc8,/m/09x0r"""
ZzwXFR52Jb4,210.000,220.000,"""/m/07pbtc8,/m/09x0r"""
_--yppZU_w4,330.000,340.000,"""/m/07pbtc8"""
_3YE8kkUfY0,330.000,340.000,"""/m/07pbtc8,/m/07yv9,/m/09x0r"""
_84Ye_-ZtCM,0.000,3.000,"""/m/07pbtc8,/m/09x0r"""
_CzU964bpss,210.000,220.000,"""/m/07pbtc8,/m/09x0r"""
_M2BRJkTGqI,40.000,50.000,"""/m/07pbtc8,/m/09x0r"""
_TZtnolR3HY,60.000,70.000,"""/m/07pbtc8,/m/09x0r"""
_WG1SYWa6aE,30.000,40.000,"""/m/07pbtc8,/m/09x0r"""
_ewSi4tkQxA,20.000,30.000,"""/m/07pbtc8,/m/0838f"""
_s3eGPPJ52s,60.000,70.000,"""/m/07pbtc8"""
_zyf7RMpI04,0.000,10.000,"""/m/07pbtc8,/m/09x0r"""
a7nfBXCP6zM,170.000,180.000,"""/m/07pbtc8"""
aBA4TeFKjWk,300.000,310.000,"""/m/07pbtc8,/m/09x0r"""
aBrI6EIzt5U,10.000,20.000,"""/m/07pbtc8,/m/07yv9,/m/0k4j"""
aGU6bCXdT_o,330.000,340.000,"""/m/07pbtc8,/m/09x0r"""
aIVuiN_UgbE,200.000,210.000,"""/m/07pbtc8,/m/09x0r"""
aJPO0jW43RA,190.000,200.000,"""/m/07pbtc8,/m/09x0r"""
aJmGJtfEtKs,460.000,470.000,"""/m/07pbtc8,/t/dd00129"""
aL85Xw-RtKg,30.000,40.000,"""/m/07pbtc8,/m/09x0r,/m/0l15bq"""
aO2Xf1J0WO0,170.000,180.000,"""/m/07pbtc8,/m/09x0r,/t/dd00125"""
aTIdl5VEHNw,270.000,280.000,"""/m/068hy,/m/07pbtc8,/m/0bt9lr,/m/0jbk"""
aVmYTAlPvzA,250.000,260.000,"""/m/07pbtc8"""
aYjpVQ7Npw8,20.000,30.000,"""/m/07pbtc8,/m/07swgks"""
a_gtJFmsAjo,130.000,140.000,"""/m/07pbtc8,/m/09x0r"""
ag80Gg9IV44,0.000,10.000,"""/m/07pbtc8,/m/09x0r"""
aiRYHJLZovk,340.000,350.000,"""/m/07pbtc8,/m/07yv9,/m/0jbk"""
ajiVy5N4zrk,100.000,110.000,"""/m/07pbtc8,/m/09x0r"""
ao_UmPiFCXg,30.000,40.000,"""/m/04rlf,/m/07pbtc8,/m/09x0r,/m/0l14j_"""
ar_bfEMPmkY,30.000,40.000,"""/m/07pbtc8"""
assJB7XSHJs,360.000,370.000,"""/m/07pbtc8,/m/09x0r"""
awPwFEyveYY,120.000,130.000,"""/m/07pbtc8"""
ayeJ3gp9ggA,40.000,50.000,"""/m/07pbtc8"""
b187po2nwlU,30.000,40.000,"""/m/07pbtc8"""
b1RCPw4STV8,50.000,60.000,"""/m/07k1x,/m/07pbtc8"""
b8eoVSR39uU,30.000,40.000,"""/m/04rlf,/m/07pbtc8"""
b9jvH7KGeKo,170.000,180.000,"""/m/07pbtc8,/m/09x0r"""
bD2Lxcy1WT4,70.000,80.000,"""/m/07pbtc8,/m/09x0r"""
bFHZYExxZ7w,290.000,300.000,"""/m/07pbtc8,/m/09x0r"""
bHgsmoqdiPo,60.000,70.000,"""/m/07pbtc8,/m/09x0r"""
bLp7QqR1ZwM,20.000,30.000,"""/m/07pbtc8"""
bMB_wIeSRew,180.000,190.000,"""/m/07pbtc8,/m/09x0r,/m/0jbk"""
bNbk6xiC-YA,1.000,11.000,"""/m/07pbtc8"""
bPs9pETLfOY,30.000,40.000,"""/m/07pbtc8"""
bSJeygJpxUU,230.000,240.000,"""/m/07pbtc8"""
bUnVmIigeg8,140.000,150.000,"""/m/07pbtc8,/m/09x0r"""
bakMxdl4gsY,360.000,370.000,"""/g/122z_qxw,/m/04rlf,/m/07pbtc8,/m/09x0r,/m/0g6b5"""
bjjt825eXcw,210.000,220.000,"""/m/07pbtc8"""
bnNEtfDjTdo,240.000,250.000,"""/m/07pbtc8,/t/dd00129"""
bnzYG58sLOY,200.000,210.000,"""/m/07pbtc8,/m/09x0r,/m/0j6m2"""
boIuXBNdax4,30.000,40.000,"""/m/07pbtc8"""
bqckpu9xwHc,30.000,40.000,"""/m/07pbtc8,/m/09x0r"""
brp2a3rr4Og,30.000,40.000,"""/m/04rlf,/m/07pbtc8,/m/09x0r"""
buTBz0WKvF8,30.000,40.000,"""/m/07pbtc8"""
c-zcGrokF-I,30.000,40.000,"""/m/07pbtc8,/m/07r4wb8,/t/dd00129"""
c2nJuAwD068,100.000,110.000,"""/m/07pbtc8,/m/09x0r,/t/dd00129"""
c8-gNLM_k2Y,30.000,40.000,"""/m/04rlf,/m/07pbtc8"""
cAiqU3XAvII,250.000,260.000,"""/m/068zj,/m/07pbtc8,/m/09x0r,/m/0jbk"""
cAjUz1DJEww,0.000,10.000,"""/m/07pbtc8"""
cG7nVeXPX1I,8.000,18.000,"""/m/07pbtc8,/m/09x0r"""
cJmdYJ0C9SI,60.000,70.000,"""/m/07pbtc8,/m/09x0r"""
cReJNMP3FDA,580.000,590.000,"""/m/07pbtc8,/m/09x0r"""
cS9s77VZ_4c,80.000,90.000,"""/m/019jd,/m/07pbtc8"""
cSNI3KoT4Dg,20.000,30.000,"""/m/07pbtc8,/m/09x0r"""
cSwsUom74so,0.000,10.000,"""/m/068hy,/m/07pbtc8,/m/09x0r,/m/0bt9lr,/m/0jbk"""
cV7hW1NH6Hc,210.000,220.000,"""/m/07pbtc8"""
cXIcILQ9qJ4,240.000,250.000,"""/m/07pbtc8,/m/09x0r"""
c_W496OKebk,240.000,250.000,"""/m/07pbtc8"""
cfSpRrsZSXY,40.000,50.000,"""/m/07pbtc8,/m/09x0r"""
cfTqlkO0U_c,510.000,520.000,"""/m/04rlf,/m/07pbtc8"""
cfird8bjWzg,350.000,360.000,"""/m/03k3r,/m/07pbtc8,/m/07rv9rh,/m/09x0r,/m/0jbk"""
cgxTyG6XtSc,20.000,30.000,"""/m/07pbtc8"""
cpHG-gZcWu0,490.000,500.000,"""/m/07pbtc8"""
cqhX8PZhhqA,30.000,40.000,"""/m/07pbtc8"""
cvzn-VXrhes,350.000,360.000,"""/m/07pbtc8"""
d-5jr8OCpgc,30.000,40.000,"""/m/02z32qm,/m/032s66,/m/07pbtc8"""
d0YDwz2n37w,50.000,60.000,"""/m/07pbtc8"""
d0j1XRQ5Q1A,120.000,130.000,"""/m/07pbtc8,/m/09x0r"""
d6pDZpFtjEc,30.000,40.000,"""/m/07pbtc8,/m/09x0r"""
d71AMZcyLIc,120.000,130.000,"""/m/07pbtc8,/m/09x0r"""
dERm1kziVxc,100.000,110.000,"""/m/015p6,/m/07pbtc8,/m/09b5t"""
dFfeu9hM6TY,0.000,10.000,"""/m/07pbtc8,/m/09x0r"""
dM4VhbizGII,90.000,100.000,"""/m/012f08,/m/03v3yw,/m/07pbtc8,/m/07yv9,/m/09x0r,/m/0k4j"""
dRGBMCZXAso,50.000,60.000,"""/m/07pbtc8"""
dU55YPXUbVc,400.000,410.000,"""/m/07pbtc8"""
dVK1Fs0fiZ8,20.000,30.000,"""/m/07pbtc8"""
dboQ69L9k24,80.000,90.000,"""/m/07pbtc8,/m/09x0r"""
dkuz3dbhF0k,10.000,20.000,"""/m/07pbtc8,/m/0jbk"""
dlwVlLQfkFk,320.000,330.000,"""/m/07pbtc8,/m/09x0r,/t/dd00129"""
dq1lH-7dhLQ,280.000,290.000,"""/m/07pbtc8,/m/09x0r"""
dr0_exzNO9s,190.000,200.000,"""/m/03k3r,/m/07pbtc8,/m/0jbk"""
dtNNfRFd7dM,20.000,30.000,"""/m/07pbtc8"""
e6V9iak3kBU,200.000,210.000,"""/m/03fwl,/m/07pbtc8,/m/0jbk"""
e6amvdX85YE,300.000,310.000,"""/m/07pbtc8,/m/09x0r"""
e8OiBxKdWBQ,0.000,10.000,"""/m/04rlf,/m/07pbtc8,/m/09x0r,/t/dd00127"""
eHH_qfCtHV8,10.000,20.000,"""/m/01z5f,/m/068hy,/m/07pbtc8,/m/0bt9lr,/m/0jbk"""
eHe3a-RcTe0,30.000,40.000,"""/m/04rlf,/m/04szw,/m/07gql,/m/07pbtc8"""
eOLrg_as--U,50.000,60.000,"""/m/07pbtc8"""
ePwgiv9ktZk,30.000,40.000,"""/m/07pbtc8,/m/0k4j"""
eXObFcUGE5c,0.000,6.000,"""/m/07pbtc8"""
eiZsC8A3oLo,70.000,80.000,"""/m/07pbtc8,/m/09x0r"""
ekNipi6VK3w,70.000,80.000,"""/m/07pbtc8,/m/09x0r"""
elvTU_c3LTQ,320.000,330.000,"""/m/02z32qm,/m/07pbtc8,/m/09x0r"""
emYtWKL5NZ4,30.000,40.000,"""/m/07pbtc8"""
en3XhXmadpw,130.000,140.000,"""/m/07pbtc8,/m/09x0r"""
evYQ2qK2rlY,70.000,80.000,"""/m/03k3r,/m/07pbtc8,/m/0jbk"""
ey-YA2qTsAY,530.000,540.000,"""/m/07pbtc8,/m/09x0r"""
f1W5wwx6D3I,400.000,410.000,"""/m/07pbtc8,/m/07pc8lb"""
f3D8QVTmRn0,20.000,30.000,"""/m/07pbtc8"""
f9KmZcXOdTk,10.000,20.000,"""/m/07pbtc8"""
fIXlnYqK-hE,20.000,30.000,"""/m/07pbtc8"""
fKNX2Wy_pqk,0.000,10.000,"""/m/07pbtc8"""
fQd3kysb4a0,400.000,410.000,"""/m/07pbtc8,/m/083vt,/m/09x0r"""
fRg0BNTYk6Y,500.000,510.000,"""/m/07pbtc8"""
fRgfSkt2Rtk,60.000,70.000,"""/m/07pbtc8,/m/09x0r"""
fUoEKgkoM38,10.000,20.000,"""/m/07pbtc8"""
fZ-a36MQ-aA,190.000,200.000,"""/m/07pbtc8,/m/09x0r"""
ff2ja0UNpiU,140.000,150.000,"""/m/07pbtc8,/m/09x0r"""
ffXH0UF1vXM,580.000,590.000,"""/m/07pbtc8,/m/09x0r,/t/dd00129"""
fhGXfMIKPbU,150.000,160.000,"""/m/07pbtc8,/m/09x0r"""
fiJIhp8r9HU,0.000,10.000,"""/m/05tny_,/m/068hy,/m/07pbtc8,/m/0bt9lr,/m/0jbk"""
fmdj6H_i1wA,380.000,390.000,"""/m/07pbtc8"""
fnAw_zVofm8,310.000,320.000,"""/m/07pbtc8,/m/09x0r"""
g1x_YXh7dN0,80.000,90.000,"""/m/07pbtc8"""
g379Mr9MxfI,80.000,90.000,"""/m/07pbtc8"""
gGA_aaP8Chc,40.000,50.000,"""/m/03k3r,/m/07pbtc8,/m/0ch8v,/m/0jbk"""
gGem80WnRSg,210.000,220.000,"""/m/07pbtc8"""
gYNejmxI7iA,10.000,20.000,"""/m/07pbtc8,/m/09x0r"""
gYwDUpHQL7k,2.000,12.000,"""/m/07pbtc8"""
ghawJL7G2Vo,10.000,20.000,"""/m/07pbtc8,/m/09x0r"""
gk-Oy9zMYO4,10.000,20.000,"""/m/03fwl,/m/07pbtc8,/m/0ch8v,/m/0jbk"""
grBLfzLEVso,90.000,100.000,"""/m/068hy,/m/07pbtc8,/m/09x0r,/m/0bt9lr"""
gwch8_wRywE,100.000,110.000,"""/m/07pbtc8"""
gzlRtJumMRc,420.000,430.000,"""/m/07pbtc8,/m/09x0r"""
h4fb7kiqP1s,210.000,220.000,"""/m/07pbtc8,/m/09x0r"""
h6tRV_1HgeY,130.000,140.000,"""/m/07pbtc8"""
h8LVvCii7kY,30.000,40.000,"""/m/07pbtc8,/m/09x0r"""
hHMMfShWI0I,390.000,400.000,"""/m/07pbtc8,/m/09x0r"""
hK5oNHcjbww,180.000,190.000,"""/m/04rlf,/m/07pbtc8,/m/09x0r"""
hKwU8LrcejY,30.000,40.000,"""/m/07pbtc8,/m/09x0r"""
hcePS3qxyhM,30.000,40.000,"""/m/07pbtc8,/m/09x0r"""
her7CbgR-Js,70.000,80.000,"""/m/05zppz,/m/07pbtc8,/m/09x0r"""
hiJcWJP2U6Y,290.000,300.000,"""/m/07pbtc8,/m/09x0r"""
hjXbjcpvlN8,19.000,29.000,"""/m/03k3r,/m/07pbtc8,/m/0jbk"""
hyjoI59x-T0,30.000,40.000,"""/m/07pbtc8"""
i0Ajq_avcVE,20.000,30.000,"""/m/07pbtc8,/m/07yv9"""
i20IL8inPJY,20.000,30.000,"""/m/01hnzm,/m/07pbtc8,/m/07pp8cl"""
iHFsZhoo8dI,30.000,40.000,"""/m/07pbtc8"""
iLf_loy3mgo,570.000,580.000,"""/m/07pbtc8,/m/09x0r"""
iQ3COiMzSRI,0.000,10.000,"""/m/07pbtc8"""
iV689pVLFM0,30.000,40.000,"""/m/07pbtc8"""
iWAyDTAIQoE,0.000,10.000,"""/m/07pbtc8,/m/09x0r"""
iWORlvMEqio,390.000,400.000,"""/m/07pbtc8"""
iYSg4mpYW3A,70.000,80.000,"""/m/04rlf,/m/07pbtc8,/m/09x0r,/m/0ytgt,/t/dd00125"""
iZdrJ_PoqXA,350.000,360.000,"""/m/07pbtc8,/m/09x0r,/t/dd00129"""
iacu3NWUM74,320.000,330.000,"""/m/07pbtc8,/m/09x0r,/t/dd00129"""
iaxopjK328A,0.000,10.000,"""/m/06_fw,/m/07pbtc8,/m/09x0r"""
ibhKXQfwWyc,120.000,130.000,"""/m/07pbtc8"""
ieV74_2jPqY,510.000,520.000,"""/m/07pbtc8,/m/09x0r"""
ikpPAUBXdls,30.000,40.000,"""/m/07pbtc8,/m/09x0r"""
irezsIAnG_c,0.000,10.000,"""/m/07pbtc8"""
isboF2pMN1c,350.000,360.000,"""/m/07pbtc8,/m/09x0r"""
ixZeVDYzi8s,30.000,40.000,"""/m/07pbtc8,/m/07yv9,/m/09x0r"""
j1NdIMlMDT0,30.000,40.000,"""/m/07pbtc8"""
j1US8dBjFWs,30.000,40.000,"""/m/07pbtc8"""
j2Qemwiakaw,100.000,110.000,"""/m/07pbtc8"""
j5VKg9xZejw,60.000,70.000,"""/m/07pbtc8"""
jA-pdvz2mw4,50.000,60.000,"""/m/07pbtc8"""
jA3vKbs7kV0,10.000,20.000,"""/m/07pbtc8,/m/09x0r,/m/0ytgt"""
jDl0ZvvwGRY,240.000,250.000,"""/m/07pbtc8,/m/09x0r"""
jI1ZZDQHDI0,30.000,40.000,"""/m/07pbtc8"""
jIMKg0Ej3iU,50.000,60.000,"""/m/07pbtc8,/m/09x0r"""
jNRH0Us72KU,60.000,70.000,"""/m/07pbtc8,/m/09x0r"""
jPNkP-DluPQ,70.000,80.000,"""/m/07pbtc8"""
jRB4MYSOk2s,160.000,170.000,"""/m/07pbtc8,/t/dd00129"""
jSSoRaLkN1Q,30.000,40.000,"""/m/05zppz,/m/07pbtc8,/m/09x0r"""
jV6bbeKan_o,110.000,120.000,"""/m/07pbtc8,/m/09x0r"""
jWrH7x0zJGc,10.000,20.000,"""/m/07pbtc8,/m/0cdnk,/m/0jbk,/t/dd00129"""
jXLoZsuuBHs,25.000,35.000,"""/m/07pbtc8"""
jZndWXuflTA,220.000,230.000,"""/m/07pbtc8,/m/09x0r"""
jbBTpv2HQU8,220.000,230.000,"""/m/07pbtc8,/m/09x0r"""
jm_M6iaB0TI,10.000,20.000,"""/m/07pbtc8,/m/09x0r"""
joSoWNMR9vU,80.000,90.000,"""/g/122z_qxw,/m/07pbtc8"""
johZAX5P_sU,180.000,190.000,"""/m/07pbtc8"""
juJqtMir3UQ,20.000,30.000,"""/m/07pbtc8,/m/07s04w4,/m/09x0r"""
jwauAAiXL6w,140.000,150.000,"""/m/07pbtc8"""
k0qoNhaY-KI,260.000,270.000,"""/m/07pbtc8"""
k6AX5V7XIaM,210.000,220.000,"""/m/07pbtc8"""
kCtuAtIGI9E,40.000,50.000,"""/m/07pbtc8"""
kD4FIoBKrBc,30.000,40.000,"""/m/07pbtc8"""
kDctRUO6s9A,40.000,50.000,"""/m/07pbtc8,/m/09x0r,/t/dd00129"""
kLuqaAaOOC0,30.000,40.000,"""/m/07pbtc8,/m/09x0r"""
kTn6LDWg2hI,280.000,290.000,"""/m/07pbtc8,/m/07yv9,/m/09x0r,/m/0k4j"""
kYVQ29fC-qY,10.000,20.000,"""/m/03fwl,/m/07pbtc8,/m/0jbk"""
kcIX-kai88s,30.000,40.000,"""/m/07pbtc8,/m/09x0r"""
kh8_n6IYJGk,30.000,40.000,"""/m/04rlf,/m/07pbtc8,/m/09x0r"""
kmIRbm4FIyM,0.000,10.000,"""/m/07pbtc8"""
knwNxOueIR8,460.000,470.000,"""/m/07pbtc8,/m/09x0r"""
ko0F2YpJtgg,370.000,380.000,"""/m/07pbtc8,/m/09x0r"""
kq2thsTuBjk,0.000,10.000,"""/m/04_sv,/m/07pbtc8"""
l1mREdg-BTI,260.000,270.000,"""/m/07pbtc8,/m/09x0r"""
l2H6HTw3Yq8,130.000,140.000,"""/m/04rlf,/m/07pbtc8"""
l5UdYnaGi9I,40.000,50.000,"""/m/07pbtc8"""
l5j1201XxKs,10.000,20.000,"""/m/07pbtc8,/m/09x0r"""
lDDmAlChZVw,200.000,210.000,"""/m/07pbtc8,/m/09x0r,/t/dd00129"""
lF0B2u2ezl0,190.000,200.000,"""/m/07pbtc8,/m/09x0r"""
lFFqQEWcaYo,490.000,500.000,"""/m/07pbtc8"""
lHP9qkeDYZM,500.000,510.000,"""/m/07pbtc8,/m/09x0r"""
lN7aRuqddNs,250.000,260.000,"""/m/07pbtc8,/m/09x0r"""
lQjY5ouYKUQ,460.000,470.000,"""/m/07pbtc8,/m/07rrh0c,/m/09x0r"""
lVOXwc-vz40,80.000,90.000,"""/m/07pbtc8,/m/09x0r"""
lbcT1I1phuU,60.000,70.000,"""/m/07pbtc8,/m/07yv9"""
lcZA1aPGEtM,180.000,190.000,"""/m/04_sv,/m/07pbtc8,/m/07yv9"""
lhsCMTFwPRI,500.000,510.000,"""/m/07pbtc8"""
lmFPB2ijjec,190.000,200.000,"""/m/07pbtc8,/m/09x0r"""
lsmKQkPvuo8,0.000,10.000,"""/m/07pbtc8,/m/09x0r"""
lvz1AcKfD_I,320.000,330.000,"""/m/07pbtc8,/m/09x0r"""
lxaBpc5llwA,270.000,280.000,"""/m/07pbtc8"""
lyTSP_X-ygQ,270.000,280.000,"""/m/07pbtc8,/m/09x0r"""
m1SL19xFRkU,510.000,520.000,"""/m/04rlf,/m/07pbtc8"""
m4y8vDyfSH8,40.000,50.000,"""/m/07pbtc8,/m/09x0r"""
mAWToywNCGI,130.000,140.000,"""/m/07pbtc8"""
mAyUtLFzJnI,6.000,16.000,"""/m/07pbtc8"""
mCSKs2-cHZs,300.000,310.000,"""/m/07pbtc8,/m/09x0r"""
mCYA6-3fuyU,110.000,120.000,"""/m/07pbtc8,/m/07yv9,/m/09x0r,/t/dd00129"""
mJWkOVAJRio,330.000,340.000,"""/m/07pbtc8,/m/09x0r"""
mLRDqnq0Ks8,30.000,40.000,"""/m/07pbtc8"""
mUqP16Mkweg,10.000,20.000,"""/m/07pbtc8"""
mZQW8YYzbm8,220.000,230.000,"""/m/07pbtc8"""
mfDqVuaRWzA,180.000,190.000,"""/m/07pbtc8,/m/09x0r"""
mlJluCJkdiY,5.000,15.000,"""/m/07pbtc8"""
mlgs_06NUpI,30.000,40.000,"""/m/02_41,/m/07pbtc8"""
mmx_lIexl_0,220.000,230.000,"""/m/07pbtc8,/t/dd00129"""
mrH3LPspB6Y,10.000,20.000,"""/m/07pbtc8,/t/dd00129"""
my_TBG8ZjPk,530.000,540.000,"""/m/07pbtc8"""
n-XNOy-e5Rg,10.000,20.000,"""/m/07pbtc8"""
n0k-9aL1LmE,0.000,10.000,"""/m/07pbtc8,/m/09x0r"""
n4MX8WmCJuY,20.000,30.000,"""/m/07pbtc8,/m/09x0r"""
nAX0rKckz5c,520.000,530.000,"""/m/07pbtc8,/m/09x0r"""
nCvc9VD-zWI,320.000,330.000,"""/m/07pbtc8"""
nER8XpSmg6g,250.000,260.000,"""/m/07pbtc8,/m/09x0r"""
nEU9N1L3OzI,40.000,50.000,"""/m/03qtwd,/m/07pbtc8,/m/09x0r"""
nQ9S2i4ULZM,30.000,40.000,"""/m/07pbtc8"""
nSmxOOzyroU,190.000,200.000,"""/m/07pbtc8,/m/09x0r"""
ngmwV1DDXxM,220.000,230.000,"""/m/07pbtc8,/m/09x0r"""
nsHlHXEi7S4,10.000,20.000,"""/m/04rlf,/m/07pbtc8"""
nsLN0andJHo,30.000,40.000,"""/m/06h7j,/m/07pbtc8,/m/09x0r,/t/dd00129"""
nuWBqxcc4C0,160.000,170.000,"""/m/07pbtc8"""
nwWYs7pPj_g,110.000,120.000,"""/m/07pbtc8,/m/09x0r,/t/dd00129"""
o2tFjXO_2GQ,0.000,10.000,"""/m/015p6,/m/020bb7,/m/06_y0by,/m/07pbtc8,/m/07pggtn"""
o6BKcYg9BD8,40.000,50.000,"""/m/07pbtc8,/m/09x0r"""
o9grOGqiuFQ,160.000,170.000,"""/m/07pbtc8,/m/09x0r"""
oAox_RsvXkI,30.000,40.000,"""/m/07pbtc8,/m/09x0r"""
oBx811CxsqY,190.000,200.000,"""/m/07pbtc8,/m/09x0r"""
oF_Vi9d2F54,90.000,100.000,"""/m/03k3r,/m/07pbtc8,/m/0jbk"""
oNiO6pCUtuE,10.000,20.000,"""/m/07pbtc8,/t/dd00129"""
oO1_fQ8OkC8,500.000,510.000,"""/m/04rlf,/m/07pbtc8,/m/09x0r"""
oQjX1Jwadgc,120.000,130.000,"""/m/07pbtc8,/m/07yv9,/m/09x0r"""
oS9vmHcQfhM,340.000,350.000,"""/m/07pbtc8"""
oXsutX8i1mQ,160.000,170.000,"""/m/07pbtc8"""
o_CzyEIL7tk,550.000,560.000,"""/m/07pbtc8,/m/09x0r"""
ofYS0Cm8qB0,130.000,140.000,"""/m/07pbtc8,/m/09x0r,/m/0jbk"""
oubeTwYJjSo,160.000,170.000,"""/m/07pbtc8"""
oymWO28QUJU,30.000,40.000,"""/m/04rlf,/m/07pbtc8"""
pHTk7Vp-kxU,30.000,40.000,"""/m/07pbtc8,/m/07pjwq1,/m/09x0r"""
pJ_HT-BAP68,510.000,520.000,"""/m/07pbtc8,/m/09x0r"""
pMjay5LaWmk,10.000,20.000,"""/m/07pbtc8"""
pP7jjokeTxs,330.000,340.000,"""/m/04rlf,/m/07pbtc8,/m/09x0r"""
pRsSejBRpis,480.000,490.000,"""/m/07pbtc8"""
pU-vrRf2oZA,360.000,370.000,"""/g/122z_qxw,/m/07pbtc8,/m/09x0r,/m/0g6b5"""
pVaqzyVhH_Y,90.000,100.000,"""/m/07pbtc8"""
pYfsCYIqrro,40.000,50.000,"""/m/04rlf,/m/07pbtc8"""
pfoLqXYI0yg,250.000,260.000,"""/m/07pbtc8,/m/09ddx"""
piJ0aEBOV5w,0.000,10.000,"""/m/07pbtc8,/m/09x0r,/t/dd00128"""
piaAiiTdYqU,130.000,140.000,"""/m/07pbtc8"""
po4yX-2UP_w,530.000,540.000,"""/m/04rlf,/m/07pbtc8"""
poUjVzXuRtc,180.000,190.000,"""/m/07pbtc8,/m/09x0r"""
poW_-6oJFKo,250.000,260.000,"""/m/07pbtc8"""
pqbRISS8Jp0,190.000,200.000,"""/m/07pbtc8"""
ptMEHc2i3vM,300.000,310.000,"""/m/07pbtc8"""
q86HFiT_jp4,130.000,140.000,"""/m/07pbtc8,/m/09x0r"""
q9-_bG9ry3E,0.000,10.000,"""/m/07pbtc8"""
q9tWWbuZ4IY,120.000,130.000,"""/m/05zppz,/m/07pbtc8,/m/09x0r"""
q9xH-54Oi4w,3.000,13.000,"""/m/07pbtc8"""
qIe6CQ0pqfQ,200.000,210.000,"""/m/04rlf,/m/07pbtc8,/m/09x0r"""
qOVpM9wMYtM,0.000,10.000,"""/m/04rlf,/m/07pbtc8,/m/09x0r"""
qUU6q9e9xDw,30.000,40.000,"""/m/07pbtc8"""
qUZWEf14Jjo,40.000,50.000,"""/m/07pbtc8,/m/09x0r"""
qlWWO6EVVHE,330.000,340.000,"""/m/04rlf,/m/07pbtc8"""
qvzpliFCKO8,60.000,70.000,"""/m/07pbtc8,/m/09x0r"""
qxO7WeMGLHk,0.000,10.000,"""/m/07pbtc8,/m/09x0r"""
qzn1TCB2U5k,20.000,30.000,"""/m/07pbtc8"""
r4YP1SO5eXc,390.000,400.000,"""/m/07pbtc8,/t/dd00129"""
r8fOvii8FqA,540.000,550.000,"""/m/068hy,/m/07pbtc8,/m/09x0r,/m/0bt9lr,/m/0jbk"""
r9Q7hXJHSbA,220.000,230.000,"""/m/068hy,/m/07pbtc8,/m/0bt9lr,/m/0jbk"""
rGLfHVPDXNU,50.000,60.000,"""/m/07pbtc8"""
rO7eotYSFNc,200.000,210.000,"""/m/04rlf,/m/07pbtc8,/m/09x0r"""
rTqbdwGJheE,30.000,40.000,"""/m/07pbtc8,/m/0c1dj"""
rV2LppbbC8I,30.000,40.000,"""/m/07pbtc8,/m/09x0r"""
rWgrguVZegM,200.000,210.000,"""/m/07pbtc8,/m/09x0r"""
rWyvwR24hIo,15.000,25.000,"""/m/06h7j,/m/07pbtc8"""
rZ9c7IilqYg,40.000,50.000,"""/m/07pbtc8"""
reIAd-3_G-Y,10.000,20.000,"""/m/07pbtc8"""
rg0rNHNDH6Q,20.000,30.000,"""/m/07pbtc8,/m/09x0r"""
roqGJIn6Ey8,0.000,10.000,"""/m/07pbtc8"""
rq2nZCoVELE,120.000,130.000,"""/m/07pbtc8,/m/09x0r"""
rzM--WhVlNA,30.000,40.000,"""/m/07pbtc8,/m/0c1dj"""
s1u62BSqE8U,10.000,20.000,"""/m/07pbtc8"""
s4sivUXM8Cg,20.000,30.000,"""/m/078jl,/m/07pbtc8,/m/09x0r,/m/0jbk"""
s5HiToHTEOI,120.000,130.000,"""/m/07pbtc8,/m/09x0r"""
sDlcfaTdftM,60.000,70.000,"""/m/04rlf,/m/07pbtc8,/m/09x0r"""
sLL7er3oIUE,20.000,30.000,"""/m/06h7j,/m/07pbtc8"""
sNkbfnaExuQ,320.000,330.000,"""/m/04rlf,/m/07pbtc8,/m/09x0r"""
sP8xnWH1wLw,170.000,180.000,"""/m/07pbtc8,/m/09x0r"""
sQKH_-lnwQ4,550.000,560.000,"""/m/07pbtc8,/m/09x0r"""
sUSbkqyx3wo,0.000,10.000,"""/m/07pbtc8"""
sZ7KbgQmkDM,0.000,10.000,"""/m/07pbtc8"""
siJLXkDzFUo,10.000,20.000,"""/m/04rlf,/m/07pbtc8,/m/09x0r"""
stUNXaAfU28,10.000,20.000,"""/m/07pbtc8"""
sz_rU61Jluo,16.000,26.000,"""/m/07pbtc8"""
t2azb_dDQHI,40.000,50.000,"""/m/07pbtc8"""
t5dP27KEQ7k,100.000,110.000,"""/m/07pbtc8"""
t9H0Bk0XGUM,410.000,420.000,"""/m/07pbtc8"""
tEeMrFJCrwA,350.000,360.000,"""/m/07pbtc8"""
tHGqAENiDYM,0.000,10.000,"""/m/07pbtc8"""
tPCDoYD4Zus,40.000,50.000,"""/m/07pbtc8"""
tSh6beXODgk,30.000,40.000,"""/m/0195fx,/m/06d_3,/m/07jdr,/m/07pbtc8,/m/07yv9,/m/09x0r"""
tUsaHXjGIgc,100.000,110.000,"""/m/07pbtc8,/m/09x0r"""
tWm0uHR6vpM,520.000,530.000,"""/m/07pbtc8,/m/09x0r"""
tgv4BVfpqAY,70.000,80.000,"""/m/07pbtc8"""
thwMGkbFgTg,10.000,20.000,"""/m/07pbtc8,/m/09x0r,/t/dd00125"""
tj6T6atITWo,150.000,160.000,"""/m/07pbtc8"""
tj9HK0sba0c,80.000,90.000,"""/m/07pbtc8,/m/09x0r"""
tq8zIesSNzw,20.000,30.000,"""/m/07pbtc8,/m/0jbk"""
trHQeKMRS08,60.000,70.000,"""/m/07pbtc8,/m/07yv9,/m/0k4j"""
ttz4HFcBl7k,310.000,320.000,"""/m/07pbtc8,/m/09x0r,/t/dd00129"""
ty9HJ-xd9Bc,410.000,420.000,"""/m/015p6,/m/07pbtc8,/t/dd00129"""
tyiQzlRbaq4,30.000,40.000,"""/m/04rlf,/m/07pbtc8"""
u0x71UDj0fk,270.000,280.000,"""/m/07pbtc8"""
u5P7yL2Bzso,170.000,180.000,"""/m/07pbtc8"""
uBSgFmA7nU4,350.000,360.000,"""/m/07pbtc8,/m/09x0r"""
uDEHLulSebg,310.000,320.000,"""/m/07pbtc8"""
uF9bkDbG7Pw,120.000,130.000,"""/m/04rlf,/m/07pbtc8,/m/09x0r"""
uFO6gE_ECuU,170.000,180.000,"""/m/07pbtc8,/m/09x0r"""
uIa7Zza_fcQ,1.000,11.000,"""/m/030rvx,/m/07pbtc8,/m/09x0r"""
uQAeFhbdKpI,310.000,320.000,"""/m/03cczk,/m/07pbtc8,/m/09x0r,/t/dd00129"""
uQLhp58qUQo,50.000,60.000,"""/m/07pbtc8"""
u_W_E-dgCbw,210.000,220.000,"""/m/07pbtc8"""
uihtX0jQ_v8,100.000,110.000,"""/m/07pbtc8"""
ulYCw2ZEiz4,50.000,60.000,"""/m/07pbtc8,/m/09x0r"""
upBLRPnLgZo,220.000,230.000,"""/m/07pbtc8"""
uxypOXSOwmA,80.000,90.000,"""/m/07pbtc8"""
v13GG-cZBgk,290.000,300.000,"""/m/07pbtc8,/m/09x0r,/t/dd00125"""
v45_d8OLRpE,30.000,40.000,"""/m/012f08,/m/07pbtc8,/m/07yv9,/m/09x0r,/m/0k4j"""
vHhj84w261A,20.000,30.000,"""/m/03k3r,/m/07pbtc8,/m/09x0r,/m/0jbk"""
vIA9jUDxML8,460.000,470.000,"""/m/04rlf,/m/07pbtc8,/m/09x0r"""
vIsxiJVpJbc,170.000,180.000,"""/m/07pbtc8"""
vJWxNP9qcDQ,160.000,170.000,"""/m/07pbtc8,/m/09x0r"""
vJgt2jk_bOA,70.000,80.000,"""/m/03k3r,/m/04rlf,/m/07pbtc8,/m/09x0r,/m/0jbk"""
vK-zhvhd394,30.000,40.000,"""/m/032s66,/m/04rlf,/m/04zjc,/m/07pbtc8,/m/09x0r"""
vMXrqiPkkPA,30.000,40.000,"""/m/07pbtc8"""
vZ62TkKxxJs,520.000,530.000,"""/m/07pbtc8,/m/09x0r"""
vfAq9OVYNeg,10.000,20.000,"""/m/07pbtc8,/t/dd00128"""
vgevBDIAS30,20.000,30.000,"""/m/07pbtc8,/m/07rrlb6,/m/09x0r"""
vjs6HXUXZHU,30.000,40.000,"""/m/07pbtc8"""
vvd_FHT6MOw,290.000,300.000,"""/m/068hy,/m/07pbtc8,/m/09x0r,/m/0bt9lr,/m/0jbk"""
w4Ti0nqRTgg,80.000,90.000,"""/m/07pbtc8,/m/09x0r"""
w50Aw0RI5_M,150.000,160.000,"""/m/07pbtc8,/m/09x0r"""
w5CVsS2QHZ0,0.000,10.000,"""/m/07pbtc8"""
w6HHb5COUI0,260.000,270.000,"""/m/07pbtc8,/m/09x0r"""
w7TBKhr0558,120.000,130.000,"""/m/07pbtc8,/m/07yv9,/t/dd00129"""
w7UaGcPotKo,330.000,340.000,"""/m/04rlf,/m/07pbtc8,/m/09x0r"""
wD2C88z-DOM,20.000,30.000,"""/m/07pbtc8,/m/09x0r"""
wFvsK7F9j0A,240.000,250.000,"""/m/07pbtc8,/m/09x0r"""
wSvPy0TBSWg,230.000,240.000,"""/m/07pbtc8"""
wVDBMBHqXVc,440.000,450.000,"""/m/07pbtc8"""
wbGyFkmznzA,370.000,380.000,"""/m/07pbtc8,/m/09x0r"""
wgzlewsaTmU,50.000,60.000,"""/m/04rlf,/m/07pbtc8,/m/07q4ntr,/m/09x0r"""
wiOXOj_zEvU,300.000,310.000,"""/m/07pbtc8"""
x5FNl_14eYQ,290.000,300.000,"""/m/07pbtc8"""
x7weNi_OHjw,330.000,340.000,"""/m/07pbtc8,/t/dd00129"""
xB6IZpI_V7k,330.000,340.000,"""/m/07pbtc8,/m/09x0r"""
xJdKv08XxSE,21.000,31.000,"""/m/07pbtc8"""
xKy_QEsDXOQ,20.000,30.000,"""/m/07pbtc8,/m/09x0r"""
xTRze06XpGg,340.000,350.000,"""/m/07pbtc8,/m/09x0r"""
xcK6HMVpLyU,80.000,90.000,"""/m/07pbtc8,/t/dd00129"""
xfumWmxOzvE,380.000,390.000,"""/m/04rlf,/m/07pbtc8"""
xt4vmmDMxH0,110.000,120.000,"""/m/07pbtc8,/m/09x0r"""
xyCCjSf_oDU,400.000,410.000,"""/m/04rlf,/m/07pbtc8,/m/09x0r"""
xy_eheodedo,580.000,590.000,"""/m/07pbtc8,/m/0jbk"""
y3cI9uKOj6E,104.000,114.000,"""/m/04rlf,/m/07pbtc8"""
y4YQJ15Ut0w,30.000,40.000,"""/m/07pbtc8"""
y6fWUyn_MP8,230.000,240.000,"""/m/07pbtc8,/m/09x0r"""
yCQY37_QMDE,500.000,510.000,"""/m/04rlf,/m/07pbtc8,/m/09x0r"""
yK8T_g0ar1c,160.000,170.000,"""/m/07pbtc8,/m/09x0r"""
yMQVvqazyJo,330.000,340.000,"""/m/07pbtc8,/m/09x0r"""
ySQtj1JWnrc,470.000,480.000,"""/m/07pbtc8,/m/09x0r"""
yWu-PluvnWA,250.000,260.000,"""/m/07pbtc8,/m/07qcpgn,/m/09x0r"""
yYC86Lx5nbQ,210.000,220.000,"""/m/06h7j,/m/07pbtc8,/m/07pzfmf,/m/09x0r"""
y_Ciz5Z2nnY,260.000,270.000,"""/m/04rlf,/m/07pbtc8"""
yaR7agkcywc,500.000,510.000,"""/m/07pbtc8,/m/09x0r"""
yeIslDYvjSo,80.000,90.000,"""/m/07pbtc8,/m/09x0r"""
yijgSbQ2HSw,290.000,300.000,"""/m/07k1x,/m/07pbtc8,/m/09x0r"""
ylzNyQJ9AJk,140.000,150.000,"""/m/07pbtc8,/m/09x0r,/m/0jbk"""
ymSPDcClbHk,330.000,340.000,"""/m/07pbtc8,/m/09x0r"""
ymwIXOaSCFo,80.000,90.000,"""/m/07pbtc8"""
ypCZGcr25go,40.000,50.000,"""/m/07pbtc8,/m/09x0r"""
yqtzpCvGe2I,310.000,320.000,"""/m/07pbtc8"""
z-SEUbeVRr4,70.000,80.000,"""/m/07pbtc8,/m/09x0r"""
z3WKXk_Vp7I,0.000,10.000,"""/m/07pbtc8,/m/09ct_"""
zCzHB2Gn-Ds,40.000,50.000,"""/m/07pbtc8,/m/09x0r"""
zD8wsOiEa2Y,30.000,40.000,"""/m/0195fx,/m/07pbtc8,/m/09x0r"""
zDrmjsaQynU,0.000,10.000,"""/m/07pbtc8"""
zJ7-mRqWRfU,20.000,30.000,"""/m/07pbtc8"""
zURNTTC3Oes,30.000,40.000,"""/m/07pbtc8"""
zVKfoTGG2nc,20.000,30.000,"""/m/07pbtc8"""
z_HP77rO4Y0,150.000,160.000,"""/m/07pbtc8,/m/09x0r"""
zimraU2bmGw,150.000,160.000,"""/m/01yg9g,/m/07pbtc8"""
zq8c_jVKhcY,30.000,40.000,"""/m/07pbtc8"""
zvl4DmtdgdY,50.000,60.000,"""/m/07pbtc8,/t/dd00125"""
zvmTtzJkcu0,60.000,70.000,"""/m/07pbtc8,/m/09x0r"""
zwyS3CFHd00,140.000,150.000,"""/m/07pbtc8"""
